start	end	text
0	30000	哈囉 大家好 歡迎來到好味小姐開束сколько
30000	60000	歡迎來到好味小姐開束�
60000	90000	
90000	120000	
120000	150000	
150000	180000	
180000	210000	
210000	240000	
240000	270000	
270000	300000	
300000	330000	
330000	360000	
360000	390000	
390000	420000	
420000	450000	
450000	480000	
480000	510000	
510000	540000	對 這是2月10日下一張照片就是陳春安開工第一天的紀錄What中間就直接真空耶中間到底發生什麼事情真空所以我們還是搞不清楚去年就是那一段時間我們兩個到底在幹嘛對 然後我們這時候就想除了IG自己發的以外還是有很多線索可以去巴巴看比如說我們會用LINE嘛會跟彼此通訊嘛對 所以說在我們這個自己行間我們應該就可以知道說我們那個時候
540000	570000	你在幹嘛在做些什麼事情對然後進行了哪些對話所以我就去找LINE我問翠翠說LINE可以搜尋這個哪個世界裡面發LINE嗎沒有 你就一直往上滑所以我就說你就一直滑一直滑對所以我剛剛拼命的滑了很久終於被我找到去年2021年2021年2月12日禮拜五這個應該是初一的那一天對 應該是我跟翠翠說我到台中了
570000	600000	她可能會有點疑惑為什麼會是只有你到台中啊對為什麼是初一呢因為我們家就是一直以來的聚會就是大家可以聚在一起的日子因為我有一個阿姨是開餐廳的他們初二就要工作因為很多可能回娘家都要訂餐廳嘛所以她初二就很忙所以她每年都只有初一可以休息所以呢我們全家人都訂在初一吃年夜飯喔 是喔對 所以要回娘家那些表姊們啊全部都是跟另外一邊的富家講說初一要回家喔 沒錯 對所以應該初一那一天
600000	630000	翠翠跟雷夢一起回娘家回新竹 對那一天因為家裡還有很多貓什麼的嘛所以我通常都不會待過夜我下午就回來所以晚上八點的時候我就傳一個訊息說我到台中了對然後我想要去找個窗簾對 超奇怪的就是應該說應該是我覺得是因為我們客廳放的是偷螢幕喔對我在猜想我可能想說接下來的幾天對我都會躺在客廳看那個從早看到晚對但是我們客廳的窗簾呢不是全遮光的窗簾
630000	660000	會透光會透光會影響到我的觀影體驗就是你會他在前一個月都一直在哭說我覺得白天看電影真的很不友善對 太亮了對 太亮了我們那個投影部看不清楚對所以我應該是在為隔天的過年行程做準備喔所以那天我就說喔 那我要去買個窗簾晚上八點的時候對翠翠就回我說喔 這麼晚喔好喔就這樣就結束了對隔天了隔天2月13日禮拜六嗯神出人在凌晨2點01分嗯傳了一個訊息
660000	690000	啦啦啦啦啦啦你有看出來我有多開心嗎我對去年的過年其實有的印象都是一些很痛苦的回憶對因為我去年就過年就想說因為那時候雷夢多大欸大概五六個月吧我有點忘記了反正那個時候他有一段時間剛好屬於一個很會哭鬧剛會做然後很需要人關注的時間喔對對然後我就想說喔我實在是太累了然後在婆家我又不好意思都丟給大家照顧所以我就說我要回娘家
690000	720000	做個幾天我就想說因為我姪子跟姪女小時候大部分時間也都是跟我媽在一起喔就是我嫂嫂他們要工作嘛我想說我媽一定超有經驗欸對你媽很有經驗對而且聽說你的姪女應該小時候不好帶她超級煩什麼叫不好帶她極煩無比她就是那種睡覺吃飯哪裡不舒服都要先哭兩個小時再來跟你好好說話那一種喔對非常可怕那對你媽來說雷夢算是天使寶寶對她就覺得雷夢超天使難度超低的對對對然後而且雷夢那時候我就跟他說大概可以晚上睡個六個小時
720000	750000	哇他說驚為天人對他就說你放心你帶回來我就讓你從頭躺到尾喔對我媽就這樣跟我就是拍胸補保證幫你顧你整天躺在那邊睡就好了對他說我女兒太可憐了好好休息回娘家好好休息我就說很好那我就預約個三天對我就說那我就除了會塞車嘛所以我就訂個初三再來回家嗯嗯殊不知我回去從初一到初三雷夢可能是因為到新環境喔
750000	780000	他床也認枕頭也認媽媽也認就是也不給別人抱剛到第一天喔那一天就是他爸也在那一天他很天使看到人都會露出燦笑然後一直到晚上他爸消失一陣子的時候他也還好然後到半夜的時候他開始驚覺為什麼我還在這裡他以為只是出來玩對就發現沒有要回家對沒有要回家然後他那整個半夜就超盧超煩的然後就是誰要摸他都說他都不要就他把手就推走這樣
780000	784460	然後從頭到尾就一直叫我抱抱抱抱抱抱抱我就這樣一路抱到初三哇
784760	787000	然後陳春環這時候問我說我在剪podcast嗎
787000	787340	嗯
787340	789000	這表示說我還有一支podcast要剪
789000	789340	對
789340	790500	我還有工作留下來
790500	790840	嗯
790840	791340	然後我就說沒有
791340	794240	如果他那時候跟我說他在剪podcast我應該會比較開心一點
794240	795960	因為表示不是只有我一個人的痛苦
795960	797160	沒有但是也沒有很輕鬆
797160	798340	我說我在煮毛飯
798340	798840	啊
798840	800760	因為大家都回家之後家裡就剩我嘛
800760	800960	對
800960	802160	那我就要照顧所有的毛
802160	802340	對
802340	803460	所以這時候我在煮毛飯
803460	803960	嗯
803960	805560	然後你就說喔那他們都還好嗎
805560	805960	嗯
805960	807040	我說都還好啊
807040	809000	然後舅舅就說那你有買到窗簾嗎
809000	809400	嘿
809400	810560	我說沒有
810560	812060	都要訂做沒有現成的
812060	812800	哈哈哈
812800	813560	太慘了
813560	814240	哭啊
814240	815740	所以我也沒有買到窗簾
815740	818600	所以你還是用一個糊糊的燈在看你的電影嗎
818600	819500	我不一定
819500	819900	嘿
819900	821240	因為如果說我認為啦
821240	823660	如果說我有沒有計畫就是我想看哪部劇
823660	824060	對
824060	825060	那如果說他就是
825060	827440	比如說我就認知到說觀影體驗會不好
827440	827940	對
827940	829640	那我可能就先不看
829640	830560	連選都懶得選
830560	831640	我會先把他擺著
831640	834100	就是我等到我的裝備齊全之後
834100	835100	再來好好的追他
835100	836400	再來好好體驗他就這個感覺
836400	837000	OKOK
837000	837600	好
837600	838700	然後陳歲這時候說呢
838700	839400	我被搞得也好
839400	839700	好累
839700	840440	我要睡了哦
840440	840840	嗯
840840	841600	他就晚安
841600	842400	然後我就做晚安
842400	842800	嗯
842800	846400	接下來時間就跳到了2月14日禮拜天
846400	846760	嗯
846760	847640	就過了三天
847640	848960	我傳了一張照片給他
848960	849960	宵夜的照片
849960	851160	這時候陳春環已經回到家裡了
851160	852260	然後我回他說
852260	853540	雷夢睡得還不太安穩
853540	853760	嗯
853760	855440	應該是說雷夢現在睡得不安穩
855440	855840	嗯
855840	858500	所以說我等他再睡安穩一點
858500	859400	我再去吃宵夜
859400	859840	對對對
859840	860540	大概這個感覺
860540	862060	我們正在辛苦的育兒
862060	862760	對
862760	863840	下一則訊息
863840	865500	是陳春環傳了一系列照片給我
865500	866100	嗯
866100	869300	是DECO跟陳堆的亂七八糟
869300	870400	沒有摺的衣服的合照
870400	870860	對
870860	872200	這個時間是2月17號
872200	872700	嗯
872700	874660	應該已經年假進入尾聲
874660	874940	對
874940	876660	不然就是剛剛開工的第1、2天
876660	876940	欸
876940	878600	應該是說過了這段年假
878600	879000	嗯
879000	880640	欸我們這個生活環境
880640	881700	非常的糟糕
881700	883000	到了崩潰的邊緣
883000	884640	哈哈哈
884640	885240	的這感覺
885240	886440	我穿了一堆照片
886440	887700	的OS就是
887700	888600	不整理嗎
888600	888900	對
888900	891040	你的衣服已經堆得比貓高了
891040	891300	對
891300	892660	DECO都沒有地方可以躺
892660	894540	對
894540	895460	太慘了
895460	896200	對
896200	898660	所以我華文跟翠翠在去年過年收的訊息
898660	899060	嗯
899060	900000	我還是不知道我們去年
900000	900700	到底做了什麼事情
900700	901800	對還是是真狗蛋
901800	902620	還是不知道
902620	903320	所以剛剛
903320	903660	嗯
903660	905420	我又去滑了我跟游偉凡的訊息
905420	905860	對
905860	908520	一直到2021年2月13號禮拜六
908520	908900	嗯
908900	910460	就是去年過年大概初二
910460	910860	對
910860	912920	我跟游偉凡都還在討論一些工作的事情
912920	913560	好可憐哦
913560	914360	沒錯
914360	917000	然後我問他說你們是明天回來嗎
917000	917600	嗯
917600	918260	然後禮拜六嘛
918260	918660	對
918660	919660	游偉凡回說
919660	920960	週一凌晨預計
920960	921200	嗯
921200	922460	他們預計是週一回來
922460	922700	嗯
922700	923700	他問我說怎麼了
923700	924160	嗯
924160	925700	我說哦OK
925700	927460	我今天要睡你們房間拍片
927460	928200	啊
928200	928660	喔耶
928660	930600	是認真工作的訊息
930600	931860	應該是我去睡他們房間
931860	932960	要陪蛋捲睡覺嘛
932960	934200	對因為家裡都沒人
934200	934460	對
934460	936400	然後我就順便拍一支跟蛋捲睡覺的影片
936400	936800	對
936800	937860	應該是這樣
937860	939460	做完心心念念的工作
939460	941060	好可憐你好偉大哦
941060	943360	所以最後最後你在實況的裂縫裡面在工作
943360	945020	對我在實況的裂縫裡面工作
945020	945620	好險
945620	947100	難怪我都失憶了
947100	947620	哦
947620	949720	所以你的大腦因為太痛苦了
949720	949900	對
949900	951220	過年的工作把它刪掉了
951220	952860	我一拳就抹掉了
952860	955120	欸這樣說來你應該真的都在工作耶
955120	956060	對啊真的很可悲耶
956060	957360	又剪Podcast嘛
957360	957660	對啊
957660	958660	然後又拍了一支跟蛋捲的影片
958660	960760	然後平常我還要照顧所有的貓咪
960760	961860	然後就開工了耶
961860	962860	對真的很可憐耶
962860	964500	所以你並不無聊
964500	965600	你很忙
965600	966360	哇
966360	966960	很悲哀
966960	968360	欸沒有哦
968360	970220	2月16號禮拜二
970220	971160	哦
971160	973720	你說你是2月15號禮拜一要回來嗎
973720	974320	對
974320	975160	那天我問你說
975160	976720	欸你是今天晚上要回來嗎
976720	977160	嗯
977160	977960	然後宥帆回說
977960	979460	哦大概7 8點回來
979460	980020	嘿
980020	980720	OK
980720	983200	然後到2月16號禮拜二的時候
983200	985420	凌晨2點47分
985420	987660	我傳給宥帆一個訊息
987660	988660	Line Pay未結
988660	991320	我將115塊轉帳給游偉帆
991320	991920	哈哈哈
991920	992760	所以
992760	993600	是在打麻將嗎
993600	994220	沒錯
994220	994960	哦
994960	996300	那天晚上我們一高打麻將
996300	997260	哦
997260	999000	然後我輸了115塊
999000	1000220	給游偉帆
1000220	1002120	我們每年過年是不是都輸他啊
1002120	1002560	我不知道
1002560	1003720	而且我們是打1.5塊錢的
1003720	1004760	我們打超報銷
1004760	1005160	對啊
1005160	1005860	1.5塊錢
1005860	1006100	嗯
1006100	1007160	所以我應該算是輸不少
1007160	1008500	輸爆
1008500	1010860	你在年假的尾聲打麻將輸給我了
1010860	1013420	對沒錯我工作了一整個年假之後
1013420	1015320	的最後一天好不容易可以打個麻將
1015320	1016060	沒錯
1016060	1017360	然後還輸
1017360	1018560	然後我就在想說我去年到底
1018560	1019860	回家都在幹嘛
1019860	1022160	欸對啊因為你回家看起來還過了蠻久
1022160	1023060	還三四天吧
1023060	1023660	對啊
1023660	1024620	然後就想說
1024620	1026000	欸我們之前應該有聊到
1026000	1027300	就是幫我老婆過生日
1027300	1028960	因為她生日剛好好像是初二
1028960	1029560	有嗎
1029560	1032160	哦好像有說他老婆那一年過了三次生日
1032160	1033860	那個月過了三次生日
1033860	1034360	這麼爽
1034360	1035220	那個月過了三次生日
1035220	1036460	因為剛好在過年
1036460	1038120	所以他朋友還是我們
1038120	1040020	有在年前幫他過了一次
1040020	1040420	嗯
1040420	1042700	然後當天好像他高雄那群朋友
1042700	1043920	也幫他過了一次
1043920	1044300	嗯
1044300	1046460	然後他父母親又幫他過了一次
1046460	1047160	哇有這種事情
1047160	1047860	超爽
1047860	1048460	他那天過了三次生日
1048460	1049220	三次
1049220	1050420	哦就那天回去嘛
1050420	1050920	嗯
1050920	1052760	然後我朋友們他們也都返鄉
1052760	1053260	嗯
1053260	1056200	那因為我老婆是我朋友的朋友
1056200	1058360	哦對他朋友是他們兩個之間的媒人
1058360	1059360	哦對對對對
1059360	1059720	嘿
1059720	1060460	然後就剛好聊到說
1060460	1062260	欸這個初二剛好是他生日
1062260	1062620	哦
1062620	1064000	然後我媽在旁邊剛好聽到
1064000	1065260	哦這樣子
1065260	1065800	哦
1065800	1067260	嘿那我爸也知道這件事情
1067260	1067560	嗯
1067560	1070420	那是我爸就興高采烈的去訂了餐廳
1070420	1071020	嗯
1071020	1072000	初二訂了餐廳
1072000	1073620	然後一起全家一起去吃這樣
1073620	1073960	嗯
1073960	1077420	是那種在鄉下漁村的海景餐廳這樣子
1077420	1078420	不錯啊
1078420	1078920	嘿
1078920	1080020	為什麼會這麼有印象
1080020	1080280	嗯
1080280	1081720	是因為我有印象以來
1081720	1082120	嗯
1082120	1085180	從小到大我們家全家出去吃飯
1085180	1085360	嗯
1085360	1086820	大概三次以內
1086820	1087020	這麼少
1087020	1088020	三次以內
1088020	1088680	三次以內
1088680	1089560	滿少的耶
1089560	1090580	這個算
1090580	1091320	第四次這樣
1091320	1092220	第四次這樣
1092220	1093060	哇
1093060	1093760	三次
1093760	1096680	嘿因為我爸跟我一樣是一個超級不喜歡出門的人
1096680	1097720	哦
1097720	1098960	超級不喜歡排隊
1098960	1099520	有
1099520	1102280	嘿然後加上我阿公就是滿挑食的
1102280	1103320	滿挑食
1103320	1104420	就要在家裡面吃飯
1104420	1107820	之前也有講過就是說他吃什麼就是鹹東鹹西說
1107820	1110360	哦我膝蓋怎麼樣是不是吃那個什麼什麼什麼
1110360	1111180	哈哈哈
1111180	1111520	嘿
1111520	1112160	哦
1112160	1115360	三次是什麼什麼時機讓你不願意出門吃飯
1115360	1117020	有一次我有印象很深刻
1117020	1117380	嘿
1117380	1119060	就是我好像我媽生日吧
1119060	1119560	嘿
1119560	1122180	我就說那我們去吃個針鮮
1122180	1123120	ok
1123120	1124460	就我我就提議
1124460	1125020	你提議
1125020	1126960	我提議說我們吃個針鮮
1126960	1128460	那時候還小不懂事
1128460	1129660	為什麼會提議吃針鮮
1129660	1130660	他還小的話
1130660	1131480	他在高中啊
1131480	1133380	高中覺得針鮮很高級啊
1133380	1134980	哦高中會覺得針鮮很高級
1134980	1136420	對會覺得很酷很新潮
1136420	1137180	合理吧
1137180	1137760	哦還還很
1137820	1139520	對啦就是
1139520	1140420	算貴嘛
1140420	1140920	算貴嘛
1140920	1142260	對說實在來說感覺算貴嘛
1142260	1142860	對啊
1142860	1144260	那我爸就免為性的說
1144260	1145420	好那我們就去一下
1145420	1146060	嗯嗯
1146060	1147020	然後去那邊我就
1147020	1148520	我爸就坐在那個台子前面
1148520	1148920	嗯
1148920	1150060	然後就在那邊轉轉轉嘛
1150060	1150360	嗯
1150360	1151280	那我就吃很開心
1151280	1151920	針鮮嘛
1151920	1152860	就有吃一吃
1152860	1153420	嘿
1153420	1154180	高中生嘛
1154180	1154620	嘿
1154620	1156660	那我爸就看著那個轉盤
1156660	1156960	嗯
1156960	1157560	很歎氣
1157560	1158860	嗯
1158860	1159760	這魚啊
1159760	1161160	也沒吃
1161160	1161820	對啊
1161820	1162760	好緊張
1162760	1164280	我剛才想說他們那邊就
1164280	1165260	住海邊
1165260	1166360	全村都討海人啊
1166360	1166680	對
1166680	1167780	去吃針鮮是吃什麼意思
1167780	1168440	是吃針鮮是吃什麼意思
1168440	1169120	是吃針鮮是吃什麼意思
1169120	1169520	嗯
1169520	1171940	我如果是他媽我會氣炸
1171940	1174280	然後他就就夾那個鮭魚
1174280	1176080	他說哦這些鮭魚都軟軟的
1176080	1177240	對啊對啊
1177240	1178240	哈哈哈
1178240	1179240	哦
1179240	1181580	就是一個沒有很開心的體驗
1181580	1183780	然後我其實大概從兩週之前
1183780	1184280	嗯
1184280	1185720	我就開始很認真在思考說
1185720	1187080	我今年過年到底要做什麼
1187080	1187440	嗯
1187440	1188380	因為我印象中就是
1188380	1189480	他逢人就問說
1189480	1190080	你過年要幹嘛
1190080	1190980	你過年要幹嘛
1190980	1191620	我
1191620	1192780	就像我說我都沒
1192780	1194020	我對去年
1194020	1194180	嗯
1194180	1196280	跟前年的過年這段時間
1196280	1197280	到底發生什麼事情
1197280	1197580	嗯
1197580	1198780	我沒有記憶
1198780	1199080	嗯
1199080	1199720	但是那個
1199720	1201440	微微的那個感覺好像在
1201440	1201880	嗯
1201880	1203440	就是我不知道我當初做了什麼
1203440	1203820	對
1203820	1205520	但是我應該有告訴我自己說
1205520	1206140	嗯哼
1206140	1208240	我要好好規劃今年過年要做什麼
1208240	1208620	好
1208620	1209380	大概這個感覺
1209380	1209580	好
1209580	1210780	好不好你就是明明做了一個聲音
1210780	1211720	一直告訴你說
1211720	1213240	我今天也覺得不要再跟去年一樣
1213240	1213480	啊
1213480	1214080	大概這個感覺
1214080	1214440	好
1214440	1216340	所以我真的是這兩個叫逢人就問
1216340	1217140	超煩
1217140	1217820	逢人就問
1217820	1219280	就是比如說我們的群組
1219280	1219540	嗯
1219540	1220280	工作的群組
1220280	1221840	或是我跟富二代富二比
1221840	1223680	我們就是一群聊天的群組
1223680	1224980	對還有我們的員工
1224980	1225320	嘿
1225320	1226120	我就每個人都問說
1226120	1226820	欸你過年要幹嘛
1226820	1227440	過年要幹嘛
1227440	1227480	對
1227580	1228740	沒有人有辦法給我一個
1228740	1230780	就是讓我就是心動的答案
1230780	1231480	哦
1231480	1231820	對
1231820	1232640	通常都跟你說
1232640	1233820	哦就回家啊
1233820	1235040	對在家裡躺著啊
1235040	1235480	嗯
1235480	1236680	不想耍廢啊什麼的
1236680	1236940	對
1236940	1238680	有時候我問到後來我就想說
1238680	1240420	你都是認真的嗎
1240420	1241240	我覺得是啊
1241240	1241840	很是啊
1241840	1242520	我覺得是啊
1242520	1243140	認真的嗎
1243140	1243180	對啊
1243180	1244280	過年就是要這樣啊
1244280	1245940	過年有一個SOP你知道嗎
1245940	1246140	嗯
1246140	1246540	什麼SOP
1246540	1247020	對SOP
1247020	1249180	就是大家會有一個固定的形式啊
1249180	1250080	該回家回家
1250080	1251440	該打牌打牌啊
1251440	1252040	嗯
1252040	1252220	哦
1252220	1253480	你就說大家每年過年回家
1253480	1254720	都做差不多的事情是不是
1254720	1255240	對
1255240	1255880	哦
1255880	1256480	欸
1256480	1257440	就會有習慣性
1257440	1258800	就是你們家會有固定的一些
1258800	1261380	休閒活動會在初幾的時候進行
1261380	1263480	那我覺得我們我可能沒有欸
1263480	1264280	你們家沒有嗎
1264280	1265740	因為我們家以前是固定說
1265740	1267480	初一就會全家一起出去玩
1267480	1267780	嗯
1267780	1269000	春節都會出去旅遊
1269000	1269500	哦
1269500	1269900	這樣
1269900	1271540	然後一直到一直到之前我阿媽就是
1271540	1272600	腳快走不動
1272600	1272980	嗯
1272980	1274340	後來坐輪椅之後呢
1274340	1275440	行動比較不方便之後
1275440	1276880	但其實還是有去
1276880	1277340	嗯
1277340	1278680	一直到我阿媽過世
1278680	1279200	嗯
1279200	1280180	一直到我阿媽過世之後
1280180	1281480	那一年就沒有出沒有出門了嘛
1281480	1281900	哦
1281900	1283940	然後隔年雷夢就出生
1283940	1285240	哦其實也不能出門了
1285240	1286540	欸對就是接得很近
1286540	1286900	對
1286900	1287300	然後就沒辦法出門了
1287300	1287340	對
1287340	1287640	沒辦法出門
1287640	1288940	所以說對我來說
1288940	1291080	就是整個過年在這裡閒閒沒事幹
1291080	1291380	嗯
1291380	1293500	大概是第兩年還第三年這樣子
1293500	1294140	全新體驗
1294140	1295900	所以你以前過年不用想要幹嘛欸
1295900	1296740	不用為什麼過年都超
1296740	1298080	就是跟著全家人一起走來走去這樣
1298080	1299740	都超級忙然後超級累
1299740	1300100	哦是喔
1300100	1301180	然後我家就是就是
1301180	1302080	雲南體質
1302080	1302480	嗯
1302480	1303200	你知道我每天過年都
1303200	1303700	欸真的
1303700	1304300	哈哈哈
1304300	1304840	真的
1304840	1306600	真的我因為過年都水裡來火裡去的
1306600	1306840	超雲南的
1306840	1308100	辛苦的要死
1308100	1308780	對啊
1308780	1309680	我之前有提過嘛
1309680	1309840	嗯
1309840	1312140	就是全台灣都放晴
1312140	1312600	只有你們
1312600	1313740	整個過年冬天的時候
1313740	1314140	出去的哪裡
1314140	1315340	全台灣28度
1315340	1315680	嗯
1315680	1316980	冬天28度不知道三小
1316980	1317320	對
1317320	1318840	然後我們就在基隆
1318840	1319080	嗯
1319080	1319620	北海岸
1319620	1320580	然後差點被淹死
1320580	1321880	哈哈哈
1321880	1322620	大概這個感覺
1322620	1322820	對
1322820	1324040	或是有一次去台南
1324040	1324520	嗯
1324520	1325940	去台南喔台南也是
1325940	1326620	你大家想說
1326620	1328180	台南也沒有很常在下雨啊
1328180	1330120	應該就是晴空萬里這樣子
1330120	1331280	對啊而且在南部
1331280	1331680	對
1331680	1332480	然後我們到台南的時候
1332480	1334520	台南就是暴雨不止
1334520	1335420	好慘
1335420	1336180	暴雨不止喔
1336180	1337020	就是你在台南
1337020	1338380	然後我想說我去
1338380	1339720	要不要去吃個棺材板
1339720	1339940	嘿
1339940	1341380	回來每個人都像水鬼一樣
1341380	1341880	嗯
1341880	1342420	你知道嗎就是
1342420	1343120	水鬼
1343120	1343920	水鬼一樣
1343920	1345580	雨大到傘都擋不住這樣
1345580	1345620	啊
1345620	1346280	喔
1346280	1347420	然後一直雨大到
1347420	1348180	那時候我還小
1348180	1348560	嗯
1348560	1349680	大概小三小四
1349680	1350080	嗯
1350080	1351780	我第一可能還在幼兒園
1351780	1352060	嘿
1352060	1352320	嗯
1352320	1354280	原本打算玩個4天3夜
1354280	1354680	對
1354680	1356260	最後就是玩到第二天
1356260	1356660	嗯
1356660	1357460	就不行了
1357460	1358320	礙於雨太大
1358320	1359980	對被水沖回來這樣
1359980	1360780	哈哈哈
1360780	1362260	整個旅程被水
1362260	1363260	被水沖垮
1363260	1363620	喔
1363620	1365060	然後就決定要提早回來
1365060	1365280	嗯
1365280	1366820	要提早取消就對
1366820	1367160	嗯
1367160	1369320	可能是我爸啊我叔叔啊姑姑啊
1369320	1369520	對
1369520	1370560	三四台車這樣
1370560	1371920	然後想說那就解散
1371920	1372080	喔
1372080	1372780	對
1372780	1374920	那個時候我知道這個行程要終止的時候
1374920	1375520	嗯
1375520	1376220	其實
1376220	1376620	嗯哼
1377180	1378980	我心裡應該是
1378980	1380280	沒有什麼
1380280	1382660	太大的不滿的感受
1382660	1383320	因為
1383320	1384580	雨太大嗎
1384580	1385780	對因為不好玩
1385780	1385980	喔
1385980	1387360	因為從頭到尾都很痛苦
1387360	1388980	雨太大然後去哪都不能去
1388980	1389720	溼答答
1389720	1391380	然後大家情緒都不好這樣子
1391380	1391880	ok
1391880	1393480	照理說我應該是覺得啊
1393480	1393920	就這樣
1393920	1394820	鬆一口氣
1394820	1395720	對理論上
1395720	1395960	嗯
1395960	1397080	但是那時候我還小
1397080	1397560	嗯
1397560	1398160	對不對
1398160	1400760	有一種隱隱約約的一個
1400760	1402280	就是我就覺得說
1402280	1403660	我就覺得說好像出來玩
1403660	1403960	對
1403960	1405460	然後遇到這些很糟糕的
1405460	1406260	事情幹嘛的
1406260	1407900	我好像應該要適當的表達一下
1407900	1409020	我這個不滿的情緒
1409020	1409920	嘿
1409920	1411120	你為什麼要說
1411120	1412020	對不滿意
1412020	1412660	對不滿意
1412660	1412760	嗯
1412760	1413220	對對對
1413220	1413960	所以
1413960	1415660	所以我那時候呢就有一個
1415660	1417220	憤而落淚的感覺
1417220	1418120	你又哭一聲
1418120	1419300	大家大家解散之後
1419300	1420100	我就在那邊哭說
1420100	1420360	喔
1420360	1423160	今年可能我要表達的應該是說
1423160	1424920	今年這趟旅程真是太糟了
1424920	1425420	嗯
1425420	1426460	沒辦好
1426460	1427560	沒辦好
1427560	1429120	辦料實在太壞
1429120	1429800	糟到我都
1429800	1430500	糟在搞什麼鬼
1430500	1432460	對糟到我都哭出來這樣
1432460	1433620	我應該把他這個情緒
1433620	1434760	對
1434760	1435900	我弟還小嘛
1435900	1437320	我弟看到我哭
1437320	1439260	他就跟著我哭了
1439260	1439720	跟著我哭
1439720	1441160	但他可能沒有考清楚我在哭什麼
1441160	1441700	對
1441700	1444360	或許我這個濃厚的反對的不滿情緒
1444360	1446000	沒有傳達到他身上
1446000	1446800	他就哭
1446800	1448700	但他哭的說法呢
1448700	1450060	據他哭喊的時候說
1450060	1450700	對
1450700	1452800	他是不想要回家
1452800	1454760	我弟在那邊哭說他不想要回家
1454760	1455800	他搞錯了是不是
1455800	1457260	他搞錯了
1457260	1458920	我認為他搞錯了
1458920	1459800	好
1459800	1460200	所以
1460200	1461000	還幫你讚蝦
1461000	1462060	讚得特別大聲
1462060	1463660	對
1463660	1463860	對
1463860	1464660	所以我們兩個不同
1464660	1464700	對
1464700	1464720	對
1464720	1464760	對
1464760	1465760	See you
1465760	1465800	對
1465800	1466860	那你們倆都在大哭
1466860	1467000	對
1467000	1468020	就是我們在同一個抗議現場
1468020	1469400	但是我們抗議的訴求是不一樣的
1469400	1470360	OK
1470360	1472660	而且還是相反的
1472660	1472920	對
1472920	1474260	這樣搞了半天之後呢
1474260	1475320	你要知道說這個
1475320	1477620	有時候你要就是表達一些意見的時候
1477620	1480660	那個訴求有沒有清楚的闡述是很重要的
1480660	1483060	比如說我是要表達一個不滿的情緒嘛
1483060	1483300	對
1483300	1485220	那就是我的情緒而已
1485220	1485500	對
1485500	1488000	其實對方沒有辦法做出什麼相對的改變
1488000	1488260	對
1488260	1490600	對方不一定知道你具體想要幹什麼
1490600	1493220	他也沒有什麼具體行動可以去安撫我這個情緒
1493220	1494700	因為我是單純的對這趟旅程
1494700	1495660	的安排不滿意
1495660	1496060	對
1496060	1496540	好
1496540	1497360	我弟不一樣啦
1497360	1497600	嗯
1497600	1498300	他就很明確
1498300	1498600	嗯
1498600	1499260	他就不要回家
1499260	1499460	他就不要回家
1499460	1500800	他就不要回家
1500800	1502800	所以這種抗議行動的主調就被他帶走了
1502800	1504740	就被他帶走了
1504740	1505460	就帶歪了
1505460	1506040	對
1506040	1509460	整個行動的走向朝向我無法預測的那個方向前進
1509460	1510900	你算是一個行動的發起人
1510900	1511660	發起人
1511660	1513260	但是後面就失控了
1513260	1515360	到最後我弟就哭很慘
1515360	1515800	有沒有
1515800	1516940	我雖然不知道他在哭什麼
1516940	1519140	我那時候還發現說我們的那個
1519140	1520400	訴求不一樣
1520400	1522360	但是我反正一樣哭得很慘
1522360	1523100	哭到最後呢
1523100	1524640	我爸跟我姑姑倆
1524640	1525300	兩車
1525300	1525880	嗯
1525880	1526700	我們就想說
1526700	1527040	啊
1527040	1527540	好啦
1527540	1528440	就是
1528440	1529500	就是大家
1529500	1530600	我還記得我媽說
1530600	1531080	嗯
1531080	1532340	我還記得我媽說
1532340	1533340	跟我爸說
1533340	1534400	我知道他們會很難過
1534400	1535180	你看他們
1535180	1538100	這過年他們一定期待了一整年要出來玩
1538100	1539240	好不容易出來玩這樣子
1539240	1539980	嗯
1539980	1541300	我媽說的這時候我才發現說
1541300	1542100	欸看
1542100	1542800	他們誤會了
1542800	1544540	哈哈哈哈
1544540	1545100	他們誤會了
1545100	1545700	哇操
1545700	1546540	他們糟糕了
1546540	1547000	嗯
1547000	1548280	你們接收到奇怪訊息
1548280	1548800	奇怪訊息
1548800	1551100	就是媒體的解釋跟我傳達的不一樣
1551100	1551580	不一樣
1551580	1552400	欸不一樣
1552400	1554100	後來我爸媽就決定
1554100	1554600	他們就
1554600	1556000	就是現場那邊找
1556000	1558600	而且那個時代是沒有手機可以那個的喔
1558600	1560700	啊沒有辦法Google附近有什麼東西可以
1560700	1562000	對所以我們在台南
1562000	1562400	對
1562400	1563900	然後我記得是在那個
1563900	1564840	鹽田那一帶
1564840	1566040	反正就是在海邊
1566040	1566360	嗯
1566360	1566660	那一帶
1566660	1567500	旗鼓那一帶
1567500	1568140	旗鼓那一帶
1568140	1569300	沿路開車
1569300	1569600	嗯
1569600	1570760	可能是往台中開
1570760	1571140	嗯
1571140	1572840	邊開路上就邊看有沒有什麼一些什麼
1572840	1573760	中色的牌子
1573760	1575560	對那些觀光的景點啊
1575560	1576800	或是一些休閒農場啊
1576800	1577600	沙灰的
1577600	1579340	最後就真的找到了一格
1579340	1580600	海邊的一格
1580600	1581940	有點像是休閒農場的感覺
1581940	1582440	嗯哼
1582440	1584160	就在裡面有一些餘溫
1584160	1584560	嗯
1584560	1585820	可能有個湖啊什麼的
1585820	1587520	然後可以釣魚啊
1587520	1589360	還是觀景啊看海啊
1589360	1590560	這樣子的地方
1590560	1592520	啊有一些民宿什麼可以住這樣
1592520	1592800	嗯
1592800	1593960	然後可能就去問有沒有房間
1593960	1594760	打電話去問
1594760	1595500	房間有房間
1595500	1596120	好積極喔
1596120	1597260	好積極耶
1597260	1597700	對啊
1597700	1598720	我爸媽就很積極啊
1598720	1599400	姑姑就很積極
1599400	1600560	然後就就住進去
1600560	1600900	嗯
1600900	1602660	就可能再多住個一天這樣子
1602660	1604400	把最後兩天的旅程往往這樣
1604400	1604720	嗯
1604720	1605020	對
1605020	1607420	我們記得我們是被水從台南沖出來的
1607420	1607820	嗯
1607820	1609160	然後我們現在是住在
1609160	1609820	海邊
1609820	1610400	嗯
1610400	1612560	哇那個那個風啊
1612560	1613760	那個風浪之大
1613760	1614120	真的
1614120	1614560	在那個
1614560	1615120	那個地方
1615120	1615600	嗯
1615600	1616620	玩了什麼
1616620	1617220	嗯
1617220	1618000	我也沒有印象
1618000	1618820	我就記得
1618820	1620420	我只記得路很黑
1620420	1620860	嗯
1620860	1623360	然後唯一一個我有印象去玩的
1623360	1623660	嘿
1623660	1625420	可能隔天雨比較小了一點
1625420	1625960	嗯
1625960	1626820	我們到了那個
1626820	1627700	薄華濱
1627700	1628220	嗯
1628220	1629660	就是那個海岸上
1629660	1630120	嗯
1630120	1631720	我記得我們大家都穿雨衣
1631720	1632400	然後雨比較小
1632400	1633520	但是風很大
1633520	1633660	嗯
1633660	1634720	我們在堤防上
1634720	1636260	你們很像會上新聞的人耶
1636260	1636560	對
1636560	1637900	然後會被捲走
1637900	1639160	對啊
1639160	1640820	我們現在我們是玩鞭炮吧
1640820	1641360	嗯
1641360	1642960	嗯就是沖天炮之類的東西
1642960	1643460	嗯
1643460	1644420	我印象中是
1644560	1646120	沖天炮就射它會射出去嘛
1646120	1646460	嗯
1646460	1647660	它風很大它就亂飛
1647660	1648120	對
1648120	1648660	對不對
1648660	1650520	然後我記得還有那個水煙央子之類的
1650520	1651160	嗯
1651160	1652760	就是丟了會淹死那個炮
1652760	1653220	對
1653220	1653620	對
1653620	1655300	我記得就是可能我哥吧
1655300	1655560	嗯
1655560	1656700	點了之後丟出去
1656700	1657160	嗯
1657160	1658360	然後炮就被風吹回來
1658360	1659460	哈哈哈
1659460	1661160	太可怕了吧
1661160	1661560	對
1661560	1662420	然後就很緊張
1662420	1664560	有沒有被大人打在手腳嗎
1664560	1665660	然後反正一片混亂
1665660	1666000	嗯
1666000	1668720	就是把風把每個人都吹得很凌亂這樣子
1668720	1670200	我們兩家嘛對不對
1670200	1671320	然後就是
1671320	1672160	我故障
1672160	1672460	嘿
1672460	1674560	然後我故障一直都是覺得說
1674560	1675260	回家就好了
1675260	1676360	幹嘛沒事就跑出來這邊
1676360	1677520	然後累個半死這樣子
1677520	1678120	嘿嘿
1678120	1679820	後來我就聽到我故障在那邊喊喊
1679820	1680420	嗯
1680420	1682000	跑什麼沒台沒機照在這
1682000	1682860	啊就回家就好了
1682860	1684000	好啊大風啊大這樣
1684000	1684400	嘿嘿
1684400	1685420	不知道在幹什麼這樣子
1685420	1685720	嗯
1685720	1686020	對
1686020	1688000	我就是特別唸給我聽
1688000	1688360	嗯
1688360	1688900	啊等一下靠
1688900	1689600	那全都是你在
1689600	1690160	都是我的錯
1690160	1691520	等一下靠我們在靠什麼這樣
1691520	1692420	哈哈哈
1692420	1692960	然後
1692960	1693860	好緊張
1693860	1695520	對我聽他們講就說沒有啊
1695520	1696260	我沒有想
1696260	1697020	我想回家
1697020	1698320	對我想回家
1698320	1699520	我不是這個意思啊
1699520	1700020	哈哈哈
1700020	1700860	好可憐
1700860	1701820	嗯
1701820	1703960	你你就跟上次那個欸
1703960	1704460	意思
1704460	1705360	起床
1705360	1706260	你就跟早上起床
1706260	1708800	阿公一直在笑你那一樣可憐欸
1708800	1709920	對啊我這都被誤會啊
1709920	1710820	很委屈欸
1710820	1711520	這很委屈啊
1711520	1713420	而且你小時候也太愛哭了吧
1713420	1714620	沒有我委屈啊
1714620	1715200	委屈啦
1715200	1715900	委屈啊
1715900	1716920	對好好放個假
1716920	1717560	他想家
1717560	1718160	對他想
1718160	1720100	他想回家
1720100	1721520	不然你在家哭怎麼了
1721520	1723120	你在家裡躺也好嗎
1723120	1724660	想要什麼要清楚的說出來
1724660	1725500	清楚的說出來
1725500	1726900	哈哈哈
1726900	1728900	結果其實根本沒有要講這個故事
1728900	1729200	對
1729200	1730500	我要講的是
1730500	1732120	因為我想了很久
1732120	1733360	對你過年要幹嘛
1733360	1734100	我都想不到
1734100	1734420	嗯
1734420	1736480	然後我身邊這一群就是
1736480	1737080	都給你一些
1737080	1737860	無聊的人
1737860	1739220	抱歉
1739220	1740080	都給你一些廢卷
1740080	1741820	都給一些沒有屁用的建議
1741820	1742280	對
1742280	1743280	今天晚上我就沒有辦法
1743280	1744520	我就發在我自己IG上面
1744520	1745360	發了一個問答
1745360	1745780	嗯
1745780	1747320	就說大家過年的時候都在幹嘛
1747320	1747820	對
1747820	1748620	都想要幹嘛
1748620	1748820	嗯
1748820	1749320	這樣子
1749320	1750760	有很多人回答你嗎
1750760	1751780	超級多人回答我
1751780	1753360	那是有效問卷嗎
1753360	1754520	欸
1754520	1755780	很難說
1755780	1756820	很難說
1756820	1757580	很難說
1757580	1757780	好
1757780	1760460	看你要怎麼去評價這問卷有沒有有效
1760460	1760960	嘿
1760960	1761660	比如說你如果把
1761660	1762960	要激勵你啊
1762960	1764380	比如說我如果一百則留言
1764380	1764920	對
1764920	1766340	如果我們把
1766340	1767780	比如說一些比較極端的
1767780	1767920	嗯
1767920	1768820	只有一個字的
1768820	1769280	嗯
1769280	1769880	比如說
1769880	1770380	睡
1770380	1770820	睡
1770820	1771280	嗯
1771280	1772080	比如說吃
1772080	1772380	嗯
1772380	1773120	刪掉的話
1773120	1773580	嗯
1773580	1774940	大概剩五十則
1774940	1775580	啊
1775580	1776440	然後
1776440	1778620	然後再把兩個字的刪掉
1778620	1779040	嗯
1779040	1779940	比如說耍廢
1779940	1780380	嘿
1780380	1781340	比如說看劇
1781340	1781740	嗯
1781740	1783420	這種我平常就會做的事情
1783420	1783820	嘿
1783820	1784680	也刪掉的話
1784680	1785080	嗯
1785080	1786920	大概剩下七八則留言
1786920	1787820	太少了
1787820	1788920	大概就是這個比例
1788920	1789380	太少了吧
1789380	1790320	差不多這個比例
1790320	1790920	對
1790920	1791120	然後
1791120	1792080	好喔
1792080	1793320	這問卷設計有問題
1793320	1793880	對啊
1793880	1794320	這問卷設計
1794320	1794980	太開放了
1794980	1796480	我問卷設計確實是有點問題
1796480	1796760	那
1796760	1798120	我那個問題是這樣寫的
1798120	1798560	嗯
1798560	1799360	我寫說
1799360	1800880	我已經思考了兩週了
1800880	1801320	嗯
1801320	1802780	等一下要錄Podcast了
1802780	1803180	嗯
1803180	1804320	想請問各位
1804320	1805480	過年到底要幹嘛
1805480	1805720	嗯
1805720	1806160	這樣子
1806160	1807120	有些人可能沒有把
1807120	1808320	我的問題全部看完
1808320	1808760	對
1808760	1809380	不常誤會
1809380	1810720	他以為我是來問大家
1810720	1812480	Podcast的主題要聊什麼
1812480	1812920	嘿
1812920	1813680	因為我這樣子
1813680	1815560	填不知詞的直接在
1815560	1816280	上面問
1816280	1816560	嗯
1816560	1817360	想都沒有想像
1817360	1818160	你不是這樣嗎
1818160	1818480	沒有
1818480	1819820	我只是真的想問他
1819820	1821060	過年要幹嘛而已
1821060	1822360	你就想要激勵你自己
1822360	1823480	問大家主題這件事情
1823480	1823820	其實我以前
1823820	1824880	以前有想過
1824880	1825380	嗯
1825380	1826860	但是我覺得不可以這樣子
1826860	1827460	覺得太無恥了
1827460	1827660	對
1827660	1828420	我覺得一個主持人
1828420	1829420	你主題不至於想
1829420	1829920	對
1829920	1830820	這樣成何體統
1830820	1832420	成何體統
1832420	1834020	他完整語意應該是
1834020	1834920	除夕夜凌晨
1834920	1836060	我還要錄Podcast燒克林
1836060	1836980	過年還想不到要幹嘛
1836980	1838220	大家過年都在幹嘛呢
1838220	1839760	大概是這樣子的意思
1839760	1840880	那結果還是很多人回我
1840880	1841620	我說他們建議
1841620	1842980	我說可以聊Podcast可以聊什麼
1842980	1843380	嗯
1843380	1844460	其實說後還不錯
1844460	1846380	哈哈哈
1846380	1847260	但是我們那個先不談
1847260	1848560	誤會題目我們先不談
1848560	1848820	好
1848820	1850180	我們篩選完之後
1850180	1851660	最多有效的問卷
1851660	1853680	最多最多最多就是要打麻將
1853820	1855080	哦
1855080	1856420	就是打麻將
1856420	1858380	是在要打九天麻將
1858380	1861460	好像過年真的很多人都在打麻將
1861460	1861780	嗯
1861780	1864720	我之前問過我們的一個那個產品開發
1864720	1866160	問他說你過年要幹嘛
1866160	1868420	他說過年當然就是整天都打麻將啊
1868420	1870480	整天都打麻將誰啊
1870480	1871320	哈哈哈
1871320	1872920	然後我就說你的整天打麻將
1872920	1874420	真的是整天都打麻將嗎
1874420	1876160	是起來就開始打到睡嗎
1876160	1876820	對啊
1876820	1878120	他就說對啊
1878120	1878880	我就哇
1878880	1879860	哇
1879860	1881920	我覺得蠻值得佩服的
1881920	1882880	打麻將這件事情
1882880	1883760	嗯
1883760	1885200	其實我不是不喜歡
1885200	1887400	但是我在過年這段時間沒辦法執行
1887400	1887900	為什麼
1887900	1889420	因為過年大家都回家了
1889420	1892300	然後我們家剩下來在這間房子裡面
1892300	1893560	會打麻將的人
1893560	1894000	嗯
1894000	1894660	就是我
1894660	1895000	嗯
1895000	1895560	我弟
1895560	1895860	嗯
1895860	1896660	跟你
1896660	1897220	哦對
1897220	1898100	三缺一
1898100	1898500	對啊
1898500	1900000	是要怎麼打第四個是誰
1900000	1900600	三缺一
1900600	1901300	反正就是這樣
1901300	1902560	我們永遠都會三缺一
1902560	1903260	對
1903260	1905520	現在已經是1月31號了
1905520	1907220	你在今年那個跨年的時候
1907220	1909120	不是有許願說你要在一月份的時候
1909120	1911060	去騎一個小時的飛輪嗎
1911060	1912320	哦飛輪這個問題是不是
1912320	1913120	對
1913120	1916960	飛輪這個就是被一些不可抗拒的外力
1916960	1918560	沒有我們飛輪那個房間
1918560	1919220	嗯哼
1919220	1920560	在施工
1920560	1921460	施完了
1921460	1921880	蛤
1921880	1922460	施完了
1922460	1924180	施完了還沒有整理啊
1924180	1926060	那都是灰塵啊什麼之類的
1926060	1926760	整理完了
1926760	1927460	整理完了
1927460	1928380	整理完了對啊
1928380	1930360	但是現在已經31號了
1930360	1931480	所以你還有一天啊
1931480	1932560	好嘛我明天去騎嘛
1932560	1933260	怎麼樣
1933260	1934180	打架啊
1934180	1937480	找麻煩是不是啊
1937480	1938020	好
1938020	1940420	所以說呢我現在就來跟大家分享幾個
1940420	1941020	嗯
1941020	1942960	就是大家回應的這個
1942960	1944420	過年要做些什麼事情
1944420	1946460	讓大家看一看大家都回了些什麼
1946460	1947060	嗯哼
1947060	1949020	Saturn Tower AAA的回覆啊
1949020	1949420	嗯
1949420	1950460	他說
1950460	1952760	我可以想著一件一直想要去做
1952760	1953020	嗯
1953020	1954220	但是還沒成功
1954220	1955700	且蠻有挑戰性的事情
1955700	1956300	嗯哼
1956300	1959520	然後我就不自覺拖延就過完一天了
1959520	1960100	啊
1960100	1961220	哦
1961220	1962220	就一直想
1962220	1963020	欸就一直想
1963020	1963360	哦
1963360	1964900	你就一直想說我要去騎飛輪
1964900	1965560	我要去騎飛輪
1965560	1966260	我要去騎飛輪
1966260	1966660	我要騎飛輪
1966660	1967420	我等一下就去騎
1967420	1968020	欸我要去騎
1968020	1969220	我看完這部劇我就去騎
1969220	1970220	我吃完飯就去騎
1970220	1971520	那個剛吃完飯有點撐
1971520	1972360	我消化一下就去騎
1972360	1972920	就去騎
1972920	1973460	就去騎
1973460	1974620	我有點想說我先睡一下
1974620	1975660	我等一下睡起來就去騎
1975660	1976520	嘿就明天了
1976520	1977300	欸對
1977300	1978660	啊這樣子一年一下就過完了
1978660	1979460	我覺得不錯
1979460	1981000	哈哈哈
1981000	1981500	而且你
1981500	1984100	而且你會感覺自己好像一直都很忙
1984100	1985160	不會感覺自己都很忙
1985160	1986600	有啊你會覺得你一直都在做什麼
1986600	1989060	唯一的好處就是你隔年
1989060	1991460	在想說我去年過年的時候在幹嘛的時候
1991460	1993560	你會知道說哦我去年想要騎飛輪
1993560	1994720	啊
1994720	1995560	大概是這樣子
1995560	1996100	好
1996100	1996860	第二個留言
1996860	1997260	嗯
1997260	1999220	Kinoko22520的留言
1999220	1999760	嗯
1999760	2000560	他說
2000560	2001420	年菜的魚
2001420	2002260	從還沒拜天
2002260	2002360	過完一年
2002360	2003360	就在放
2003360	2004820	放到初三才吃
2004820	2008060	真的可以嗎
2008060	2008560	哇哦
2008560	2009560	真的可以嗎
2009560	2010060	我不知道
2010060	2012000	他理論上是在抱怨一件事情
2012000	2012460	對
2012460	2014260	他沒有提供人的解放
2014260	2016560	有很多人沒有在看我還問什麼
2016560	2019200	哈哈哈
2019200	2021060	他們只是想要表達自己想講話
2021060	2022660	哈哈哈哈
2022660	2023520	但是
2023520	2024660	Kamiyoshi9的留言
2024660	2026720	等一下剛那個很好笑
2026720	2028760	哈哈哈
2028760	2029720	好好笑一下
2029720	2030920	哈哈哈
2030920	2031720	很好
2031720	2032260	好
2032260	2035760	他說玩去年衝動購物的steam遊戲
2035760	2037000	我去年
2037000	2038460	確實有衝動購物
2038460	2040100	蠻多steam遊戲的
2040100	2042520	但是仍然跟麻將遇到一樣的問題
2042520	2044620	比如說我通常衝動購物的時候都是怎麼樣呢
2044620	2046460	比如說我看到有遊戲
2046460	2049520	通常都是那種兩三個人一起線上玩的
2049520	2052560	比如說我們要一起在這個充滿殭屍的世界
2052560	2053260	組隊
2053260	2054460	生存這樣組隊的
2054460	2057060	然後那種遊戲都會賣一個那種
2057060	2058420	團隊報你知道嗎
2058420	2060260	你可以一次買四組帳號
2060260	2062100	然後把三組帳號寄給你的朋友們
2062100	2064100	逼他們跟你一起玩
2064100	2066100	我會很衝動買這些東西
2066100	2067100	然後把帳號寄給
2067100	2068100	你為什麼都要捆綁你的朋友
2068100	2070100	哈哈哈
2070100	2071100	寄給朋友們
2071100	2073100	然後他們過年都回家之後
2073100	2074100	就沒有人陪我玩了
2074100	2075100	哦
2075100	2076100	悲傷
2076100	2077100	好像沒有辦法
2077100	2078100	然後再來是
2078100	2080100	hihi617留言
2080100	2081100	他說
2081100	2083100	為什麼台灣迷侯敢打黑道老大
2083100	2084100	這是什麼
2084100	2086100	哈哈哈
2086100	2087100	我會錯人了吧
2087100	2088100	為什麼
2088100	2090100	跟過你有個屁毛關係
2090100	2091100	為什麼
2091100	2092100	你再說一次
2092100	2094100	為什麼台灣迷侯敢打黑道老大
2094100	2097100	他根本就把你的那個框框當作podcast的評論在留言
2097100	2098100	哈哈哈
2098100	2099100	欸
2099100	2100100	我說真的很多人沒有看見
2100100	2102100	他根本不用試看你的IG耶
2102100	2103100	超級莫名其妙
2103100	2104100	快快快
2104100	2105100	沒頭沒尾
2105100	2106100	什麼你再說一次
2106100	2108100	為什麼台灣迷侯敢打黑道老大
2110100	2111100	為什麼
2111100	2112100	我不知道耶
2112100	2113100	我比較好奇為什麼他會問這個問題
2113100	2114100	他就想問就問啊
2114100	2116100	他就想要講一個冷笑話啊
2116100	2118100	對他看到有一個格子可以打字
2118100	2120100	然後你第一個跑過去的這個就趕快打下來啊
2120100	2121100	就這句話
2121100	2123100	跟做筆記一樣的道理啊
2123100	2124100	欸為什麼為什麼
2124100	2125100	我不知道耶
2125100	2126100	為什麼
2126100	2128100	因為他是台灣特有種
2128100	2130100	哈哈哈
2130100	2131100	還行還行
2131100	2132100	還行喔
2132100	2133100	是個冷笑話
2133100	2134100	是個冷笑話
2134100	2135100	還行還行
2135100	2137100	heya314的回覆
2137100	2139100	他說最近車禍撞斷門牙
2139100	2141100	想問阿段在裝全紙牙號之前
2141100	2143100	要怎麼吃東西比較方便
2143100	2144100	好
2144100	2145100	說不準這些人
2145100	2147100	他就遇到了一個意外
2147100	2148100	好啦
2148100	2149100	好不好
2149100	2150100	好不容易抓到一個服務
2150100	2151100	這是一個漏洞耶
2151100	2152100	這是一個漏洞
2152100	2154100	他留言可能沒有被選到
2154100	2155100	對啊
2155100	2156100	他回覆你這個
2156100	2157100	然後
2157100	2158100	我現在很
2158100	2159100	聞不對的題就被選上
2159100	2160100	我不會很常問啊
2160100	2161100	啊
2161100	2162100	好
2162100	2163100	他說他講什麼我沒聽到
2163100	2164100	他說牙齒撞斷了
2164100	2166100	然後在裝那個假牙之前要怎麼辦
2166100	2167100	我跟你講
2167100	2168100	就跟小寶寶一樣
2168100	2170100	去買那個食物剪
2170100	2171100	把所有東西都剪成
2171100	2172100	可以入口的大小
2172100	2173100	對
2173100	2175100	就把自己當成一個還沒有長門牙的嬰兒
2175100	2176100	對
2176100	2177100	大概這樣子
2177100	2179100	或是請你媽媽幫你把食物都打成泥狀
2180100	2181100	好
2181100	2183100	再來是new1115的回覆
2183100	2185100	他說住好為一家虎年好孕年年
2185100	2188100	想生虎年寶寶嗎
2188100	2189100	好多人反對但懷孕了
2189100	2192100	而且預產期在鬼月
2192100	2193100	好
2193100	2194100	沒有
2194100	2195100	他就有這個疑問嘛
2195100	2196100	我想說這個疑問很重要
2196100	2198100	跟那個懷孕生小孩有關係嘛
2198100	2199100	好的
2199100	2200100	我想說
2200100	2201100	就是
2201100	2202100	都懷孕了
2202100	2203100	不然是要怎樣
2205100	2206100	不是
2206100	2207100	據說
2207100	2208100	據說鬼月
2208100	2209100	怎樣
2209100	2210100	是一年中
2210100	2211100	運氣最好的月啊
2211100	2212100	對啊
2212100	2213100	那不是七月嗎
2213100	2214100	對啊
2214100	2215100	所以你有什麼好擔心的呢
2215100	2216100	對啊
2216100	2217100	對不對
2217100	2218100	去生吧
2218100	2219100	不會怎麼樣吧
2219100	2220100	對啊
2220100	2221100	你也不能控制你怎麼說生啊
2221100	2222100	對他以後都不用去參加
2222100	2223100	他很尷尬
2223100	2224100	然後同事的婚禮
2224100	2225100	他擔心要在懷孕之前吧
2225100	2226100	對啊
2226100	2227100	他都懷上了
2227100	2228100	然後虎年寶寶會怎麼樣嗎
2228100	2229100	虎年寶寶不會怎麼樣啊
2229100	2231100	有很多一些禮儀什麼習俗喜宴
2231100	2233100	就是會說什麼要迴避或之類的
2233100	2234100	對啊
2234100	2235100	他長大之後就覺得這樣很方便
2235100	2236100	對我剛剛就是這樣覺得啊
2236100	2237100	他就不用參加尷尬
2237100	2238100	然後又不太熟的人的婚禮
2240100	2243100	然後再來Niko Cho的留言
2243100	2244100	他說我在住院
2244100	2245100	本人17歲
2245100	2246100	等一下
2246100	2248100	我們已經進入回復留言的環節
2248100	2249100	還沒
2251100	2253100	沒有他在住院
2253100	2254100	好啦
2254100	2255100	他在住院
2255100	2256100	他還住在兒童病房
2256100	2258100	旁邊的寶寶正在尖叫
2258100	2259100	他耳朵快要沒了
2259100	2261100	真是熱鬧
2261100	2262100	太沒有目的了
2265100	2266100	純粹抱怨而已
2266100	2267100	他只是分享他的現狀
2267100	2268100	分享他的現狀
2268100	2270100	我問他說他在過年
2270100	2272100	留言評論還要更開放一點
2272100	2274100	我問他說他在過年的時候要幹嘛嗎
2274100	2275100	他說他在住院啊
2275100	2277100	他其實有回答你的問題
2277100	2278100	他回答我的問題啊
2278100	2279100	旁邊小孩在哭啊
2279100	2280100	對啊
2280100	2283100	然後再來hangover9527的留言
2283100	2284100	他說身為段氏
2284100	2285100	我變教信徒
2285100	2287100	過年大便真的要穿上衣
2287100	2289100	淡水又濕又冷
2289100	2291100	腳麻速度比夏天快很多
2291100	2293100	腳麻速度真的會比夏天快很多
2293100	2295100	這件事我最近才體
2295100	2296100	沒有今天才體驗到
2296100	2297100	因為今天特別冷
2297100	2298100	對今天超冷
2298100	2299100	今天超冷
2299100	2300100	就是上廁所上完之後
2300100	2301100	就很痛苦
2301100	2302100	因為我一方面覺得很冷
2302100	2303100	我想把褲子穿好
2303100	2304100	但是我腳麻
2304100	2305100	我站不起來
2305100	2307100	好可憐
2307100	2308100	很痛苦
2308100	2309100	年紀大真的很可憐
2309100	2310100	很痛苦
2310100	2311100	所以這跟過年要幹嘛
2311100	2312100	到底有什麼關係
2312100	2313100	過年這段期間
2313100	2316100	就是你要特別注意之類的問題
2316100	2319100	又越牽強了啦
2319100	2322100	再來是燕玲的留言
2322100	2323100	他說到男友家拜年
2323100	2325100	每次都要覺得自己格格不入
2325100	2327100	想請問你們怎麼融入對方家庭
2327100	2329100	還是一年見一次沒關係
2329100	2331100	確實是過年要做的事情吧
2331100	2332100	是
2332100	2333100	他要到男友家拜年嘛
2333100	2334100	是
2334100	2335100	他如果有七個男友的話
2335100	2336100	一年就過完了
2336100	2337100	有沒有道理
2337100	2338100	對
2338100	2340100	我是覺得一年見一次沒關係
2340100	2341100	可以裝一下
2341100	2342100	裝一下就好了
2342100	2345100	我在陳翠蘭家就是一個非常安靜
2345100	2346100	才沒有咧
2346100	2348100	我媽第一次你來我們家過年的時候
2348100	2349100	她就說
2349100	2351100	你老公怎麼這麼自來兇
2351100	2353100	好不好
2353100	2354100	對啊
2354100	2355100	怎麼會
2355100	2357100	你不要聽他外向人在那邊嘴
2357100	2358100	而且我在訂婚之前
2358100	2359100	去你們家
2359100	2360100	初一過年的時候
2360100	2361100	我就把朋友帶去吃飯
2362100	2363100	還沒訂婚欸
2363100	2365100	我就結婚之後慢慢融入就可以了
2365100	2366100	好
2366100	2367100	不用心急啦
2367100	2369100	然後KKII21的留言
2369100	2371100	他說開始錄了嗎
2371100	2372100	開始了
2373100	2374100	開始
2374100	2375100	正在錄
2376100	2377100	催力催油
2379100	2380100	C靈霄的留言
2380100	2382100	他說我已經睡了兩天了
2382100	2384100	很棒
2384100	2385100	總而言之
2385100	2387100	我已經把它到剛剛為止
2387100	2388100	時時時刻所有留言看完了
2388100	2390100	沒有一個可以啟發你的生活
2390100	2391100	好
2391100	2392100	還是感謝大家
2392100	2393100	對我們的支持跟愛護
2393100	2394100	大家也很開心
2394100	2395100	有多一個地方可以留言
2395100	2396100	好啦
2396100	2397100	這個禮拜我們還是有截大家的留言
2397100	2398100	所以現在要進入留言的部分
2398100	2399100	對
2399100	2400100	然後這禮拜比較特殊一點
2400100	2401100	因為他就說他要看很多
2401100	2402100	大家就是跟他說過你要幹嘛
2402100	2403100	他就把那個
2403100	2404100	podcast留言截圖的任務交給我
2404100	2405100	然後
2405100	2406100	我覺得好難
2406100	2407100	我覺得好難
2407100	2408100	好難
2408100	2409100	好難
2409100	2410100	好難
2410100	2411100	好難
2411100	2412100	好難
2412100	2413100	好難
2413100	2414100	好難
2414100	2415100	好難
2415100	2417100	好難
2417100	2418100	我覺得好難喔
2418100	2419100	是不是
2419100	2421100	我覺得你平常真的好辛苦喔
2421100	2422100	對啊
2422100	2423100	所以我截很少
2423100	2424100	你等一下可以不要怪我嗎
2426100	2427100	好
2427100	2428100	1號千千的留言
2428100	2430100	他說身為一個00後的人
2430100	2431100	想要問我們三個人
2431100	2432100	就是
2432100	2433100	最近因為學測嘛
2433100	2434100	所以他就問說
2434100	2436100	翠翠當初覺得自己會上成大
2436100	2437100	結果意外落榜的時候
2437100	2439100	是不是大受打擊呢
2439100	2440100	之後是如何調適的
2440100	2442100	他落榜了嗎
2442100	2443100	他還沒
2443100	2444100	他現在就剛考完學測
2444100	2445100	學測就在擔心落榜
2445100	2446100	他就擔心他會落榜了
2446100	2447100	他會落榜了
2447100	2448100	剛學測就擔心說
2448100	2449100	哇到時候
2449100	2450100	可能上台大的話
2450100	2451100	我本來是
2451100	2452100	就好啦
2453100	2454100	對你就想說
2454100	2455100	放假怎麼辦
2455100	2456100	旁邊不少東西好不好吃
2456100	2457100	對啊
2457100	2458100	他們房價會不會很高
2458100	2459100	啊之類的
2459100	2460100	我本來看到這個留言
2460100	2461100	是想要分享一個
2461100	2462100	我很慘的狀況
2462100	2463100	然後讓他比較
2463100	2464100	沒關係
2464100	2465100	你說你說
2465100	2466100	我就想說
2466100	2467100	對我當時就是知道
2467100	2469100	我自己沒有辦法上成大的時候
2469100	2470100	那個
2470100	2472100	我還印象蠻深刻的
2472100	2474100	我知道這件事情的時候呢
2474100	2475100	就是我那一天
2475100	2476100	我媽後來跟我說
2476100	2477100	我們的班導
2477100	2478100	那天就覺得
2478100	2480100	我一整天狀況都很差
2480100	2482100	但是其實我自己沒有覺得
2482100	2483100	我那天狀況很差
2483100	2484100	然後那天放學
2484100	2485100	我媽就
2485100	2486100	還是中午
2486100	2487100	中午
2487100	2488100	她來幫我送午餐
2488100	2489100	因為我每天中午
2489100	2490100	我媽都幫我送便當
2490100	2491100	因為我媽的那個
2491100	2492100	那個早上天在附近
2492100	2493100	所以她都幫我送便當
2493100	2495100	然後她來送便當的時候
2495100	2496100	我們老師就意外的
2496100	2497100	在門口遇到她
2497100	2498100	我已經走了
2498100	2499100	我已經拿著便當走了
2499100	2500100	然後她就突然
2500100	2501100	我媽的後來
2501100	2502100	應該是隔一兩年之後
2502100	2503100	才跟我講
2503100	2504100	所以我們班導
2504100	2505100	就叫住她說
2505100	2506100	你是崔漢媽媽嗎
2506100	2507100	對
2507100	2508100	然後她就說
2508100	2509100	對老師怎麼了嗎
2509100	2510100	她就說
2510100	2511100	媽媽知道今天放榜嗎
2511100	2512100	她說
2512100	2513100	我知道啊
2513100	2514100	但是我剛剛看崔漢
2514100	2515100	好像還好
2515100	2516100	我就想說
2516100	2517100	回去再問她這樣子
2517100	2518100	然後老師就說
2518100	2520100	我覺得她沒有還好
2520100	2521100	對
2521100	2522100	我們老師就這樣跟她說
2522100	2523100	說
2523100	2524100	我覺得她沒有還好
2524100	2526100	我覺得她今天心情很差
2526100	2527100	對
2527100	2528100	我希望崔漢媽媽
2528100	2529100	不要生她的氣
2529100	2531100	而且不要責怪她考得不好
2531100	2532100	我到底考得多爛
2532100	2533100	說實在我考得不錯
2533100	2534100	她不是考到跟我同學校而已
2534100	2535100	有這麼糟糕嗎
2536100	2537100	很賤欸
2538100	2539100	因為那個時候就是
2539100	2540100	我學生放榜
2540100	2541100	其實我考得很好
2541100	2542100	放了68幾分
2542100	2543100	其實算不錯的
2543100	2545100	只是我沒有想要
2545100	2546100	就是沒有上成大
2546100	2547100	那個級距就對了
2547100	2548100	對
2548100	2549100	然後她就知道
2549100	2550100	我那天很低落
2550100	2551100	我們老師看出來
2551100	2552100	就跟我媽說
2552100	2553100	媽媽希望你回去
2553100	2555100	鼓勵代替責備
2555100	2556100	對
2556100	2557100	然後後來我媽
2557100	2558100	我那時候後來回想起來
2558100	2560100	我媽那天來接我下課的時候
2560100	2562100	確實異常溫柔
2562100	2563100	對
2563100	2564100	確實異常溫柔
2564100	2565100	然後我還記得
2565100	2566100	在等我媽來接我之前
2566100	2569100	我就是要走一段路去買晚餐
2569100	2570100	然後她來接我
2570100	2572100	然後我就走路走走走走走
2572100	2573100	走到麥當勞的門口
2573100	2575100	我印象真的超深刻
2575100	2576100	我在麥當勞的門口
2576100	2578100	接到我的另外一個老師
2578100	2579100	就是感情蠻好的一個老師
2579100	2581100	打電話來問我說
2581100	2583100	放反了怎麼樣啊
2583100	2584100	這樣
2584100	2586100	然後我就在麥當勞的門口
2586100	2587100	就是憋不住
2587100	2588100	然後我就在麥當勞的門口
2588100	2590100	大哭特哭
2590100	2591100	大哭特哭
2591100	2592100	對
2592100	2593100	哭到所有人走
2593100	2594100	經過我的時候
2594100	2595100	我們學校都這麼糟
2595100	2596100	我們學校都這麼糟
2596100	2597100	對超丟臉的
2597100	2598100	超丟臉的
2598100	2599100	我們學校都這麼糟
2599100	2600100	考六十八級分
2600100	2601100	然後被爆哭
2601100	2602100	大哭特哭
2602100	2603100	但他還就是上那個啊
2603100	2604100	上高師大
2604100	2605100	對啊
2605100	2606100	跟我們同樣學校
2606100	2607100	然後在那邊哭個要死不活
2607100	2608100	對啊
2608100	2609100	進來之後成績又特別好嗎
2609100	2610100	還好啊
2610100	2611100	對
2611100	2612100	對
2612100	2613100	我就想跟你講說
2613100	2614100	好像以為自己就是
2614100	2615100	程度高很多這樣子
2615100	2616100	你活沒
2616100	2617100	他在炫耀
2617100	2618100	他其實
2618100	2619100	以為在分享很慘經驗
2619100	2620100	沒有
2620100	2621100	這也不是算炫耀
2621100	2622100	我沒有
2622100	2623100	我實在跟你說
2623100	2624100	我那天過得很慘
2624100	2625100	甜蜜的公主那種感覺
2625100	2627100	也不是這樣講吧
2627100	2629100	你們倆是不是找到機會陪罵我
2630100	2631100	對
2631100	2632100	我是說其實
2632100	2633100	就算你當下
2633100	2634100	真的很難過
2634100	2635100	但是你要想
2635100	2636100	我現在這個狀況
2636100	2638100	其實也沒有很糟吧
2638100	2640100	還是跟你們兩個一起共事啊
2640100	2641100	對啊
2641100	2642100	我覺得非常有榮幸啊
2642100	2643100	你居然覺得考到比較差的學校
2643100	2644100	你也不一定真的
2644100	2645100	那個學校裡面讀得很好
2645100	2646100	你也不一定真的
2646100	2647100	那個學校裡面讀得很好
2647100	2648100	你不要這樣自以為
2649100	2650100	好啦
2650100	2651100	反正
2651100	2652100	煩耶
2652100	2653100	你都破壞我原本就想
2654100	2655100	算了
2655100	2656100	我要直接結論了
2656100	2657100	好啦
2657100	2658100	不要太焦慮啦
2658100	2659100	這是個過年
2659100	2660100	就好好玩就好了
2660100	2661100	可惡
2661100	2662100	好
2662100	2663100	一號淺淺給你的建議啦
2663100	2664100	然後再來這個是充滿怨念
2664100	2665100	以及被自由背叛的十一
2665100	2666100	他說的自由是你
2666100	2667100	我
2667100	2668100	沒錯
2668100	2669100	他說
2669100	2670100	阿段
2670100	2671100	我好恨
2671100	2672100	啊啊啊啊啊
2672100	2673100	今天如往常般
2673100	2674100	邊收攤
2674100	2675100	邊聽我們的podcast
2675100	2676100	好有聊天的bgm buff
2676100	2677100	治療了我疲憊的身心
2677100	2678100	直到脆脆的哼哼
2678100	2679100	那個
2679100	2680100	啊啊啊啊啊
2680100	2681100	跑出來一瞬間
2681100	2682100	他全身的細胞
2682100	2683100	都在那裡
2683100	2684100	全身的細胞
2684100	2685100	都在雀躍著
2685100	2686100	他們歡快的吶喊著
2686100	2688100	這個我知道
2688100	2689100	就是他猜到了
2689100	2690100	他猜到了
2690100	2691100	他說
2691100	2692100	我覺得他文筆真的很好
2692100	2693100	他說
2693100	2694100	我本來以為
2694100	2695100	我終於迎來人生高光的時刻
2695100	2696100	這輩子
2696100	2697100	我竟然可以離脆脆哼哼
2697100	2698100	這麼近
2698100	2699100	屋屋屋屋屋屋屋屋屋屋
2699100	2700100	屋屋屋屋屋屋屋屋屋屋
2700100	2701100	屋屋屋屋屋屋屋屋屋屋屋屋
2701100	2702100	阿段
2702100	2703100	就是阿段
2703100	2704100	我以為
2704100	2705100	你在平口與腦薄弱那一集
2705100	2707100	我們都這麼摯愛可愛的鴨鴨
2713100	2715100	哈哈哈哈哈哈
2715100	2716100	他說
2716100	2717100	唯一一次可以驕傲
2717100	2718100	我只是比你早餐而已啊
2718100	2719100	你知道他講話
2719100	2720100	他說
2720100	2721100	唯一一次可以驕傲的
2721100	2723100	說這次我終於知道了
2723100	2724100	的這個機會
2724100	2726100	就被阿段施法給中斷了
2726100	2727100	嗯
2727100	2728100	對
2728100	2729100	然後聽到脆脆的下一首
2729100	2730100	嗯
2730100	2731100	他滿臉問號
2731100	2732100	這啥
2732100	2733100	這到底是啥
2733100	2735100	這次迎來的大喜大悲
2735100	2736100	淒涼與絕望
2736100	2737100	平時都用Spotify
2737100	2739100	聽我們的Podcast的人
2739100	2741100	被哀怨驅使來Apple留言了
2741100	2742100	屋屋
2742100	2743100	阿段
2743100	2744100	是你的新朋友嗎
2744100	2745100	對啊
2745100	2746100	所以我猜到
2746100	2747100	所以我就跟你說
2747100	2748100	不要亂爆
2748100	2749100	哈哈哈
2749100	2750100	討厭
2750100	2751100	我猜到了
2751100	2752100	我猜到還不行
2752100	2753100	我怎麼放在心裡
2753100	2754100	你們大家留言啊
2754100	2755100	你要不要大家參與這個遊戲啊
2755100	2756100	你這爆雷
2756100	2757100	一時雙前加活動場
2757100	2758100	超討厭的
2758100	2759100	我
2759100	2760100	我跟你講
2760100	2761100	這個
2761100	2762100	這個鄭石依
2762100	2763100	這一位先生的留言
2763100	2764100	我非常的理解你的心緒
2764100	2765100	因為我當下
2765100	2766100	我覺得我被背叛了
2766100	2767100	我想說
2767100	2768100	你跟我講出來
2768100	2770100	你就放在心裡就好了
2770100	2771100	不太簡單
2771100	2772100	大家失望啊
2772100	2773100	怎麼會
2773100	2777140	就是有时候游戏就是要有一些简单的关卡跟懒的关卡
2777140	2779560	诶 我觉得我是一个那个门槛诶
2779560	2780340	蛤 什么门槛
2780340	2783100	就是如果被我听出来的话 表示这题太容易啦
2783100	2784760	你说简单到不值得一猜是不是
2784760	2785100	对呀
2785100	2787260	可是这他就是我们这一百几
2787260	2788940	快要一百几以来他第一次猜对
2788940	2791340	他可能是这些人里面程度比较差的人
2791340	2792440	哈哈哈哈
2792440	2794800	他好不容易可以考及格
2794800	2797600	然后老师就说这次考试成绩不算
2797600	2798860	超级的 出太简单了
2798860	2800260	好 出太简单了对啊
2800260	2801860	没有鉴别度啊
2801860	2802860	超可怜的诶
2802860	2803560	诶 试一
2803560	2805100	好啦 你还会有下一次啦
2805100	2805400	嗯
2805400	2807900	下次还是会有你猜得到的歌啦 好不好
2807900	2808900	这个是一个笑话
2808900	2809100	嗯
2809100	2810400	他叫费w
2810400	2811700	应该是废屋的意思啦
2811700	2812260	嗯
2812260	2813560	碎碎笑出奶
2813560	2817560	他说有一天小红帽要帮妈妈拿做好的佛跳墙给奶奶
2817560	2819620	因为附近常常会有山贼出没
2819620	2821320	出门前呢 妈妈就耳提面面跟小
2821320	2823900	小红帽要帮妈妈拿做好的佛跳墙给奶奶
2823900	2824400	对
2824400	2826620	以故事的设定比较吵
2826620	2828060	佛跳墙这个附近
2828060	2829900	我想说很烫 他端很远
2829900	2832400	对 他要怎么用袋子装吗 还是
2832400	2832860	所以冷
2832860	2833360	宅热的啊
2833360	2834360	保鲜盒
2834360	2835860	应该是冷的吧
2835860	2837360	包装要放在旺里面
2837360	2838100	旺里面吧
2838100	2840200	那你就用另外装啊 就跟那个
2840200	2842100	他奶奶那边有适合的加热工具吗
2842100	2843100	那是针笼欸
2843100	2845020	奶奶就想要住在笼子里
2845020	2848020	不是像那个板德一样 他是用保鲜盒封起来的吗
2848020	2850520	哦 然后很烫 然后就冲过去这样
2850520	2851700	哦 也有可能
2851700	2852700	好
2852700	2855720	不是 我其实不太懂他这个前提设定
2855720	2856820	因为跟后面故事没有关系
2856820	2859020	是不太想跟这些事无关是不是
2859020	2860260	对 无关
2860260	2860860	好
2860860	2862400	好 出门前妈妈就耳提面面跟小红帽
2862400	2864400	说你千万要小心哦 这样
2864400	2866400	然后小红帽就开开心心的出门了
2866400	2867900	过没有多久 果不其然
2867900	2869400	由于妈妈立下了flag
2869400	2871900	他只是想帮这个笑话增加一点年味而已
2871900	2873400	有可能
2873400	2874900	是个过年版的笑话
2874900	2876400	很用心欸
2876400	2878400	哇 魏巫 你好棒哦
2878400	2880400	然后他就说过了没多久
2880400	2887400	他真的遇到了附近恶名昭昭的大乌龟山贼团
2887400	2889400	然后小红帽就非常害怕 问他说
2889400	2892400	你 你 你们 你们要劫财还是劫财
2892400	2895400	好 这个时候大乌龟统领就谢谢了
2895400	2896400	笑着跟他说
2896400	2898400	借你 借你
2902400	2904400	这个超棒的欸
2904400	2907400	借你 借你 很棒
2907400	2911400	我觉得他帮这个笑话增加很多细节
2911400	2912400	对 我觉得厉害在这边
2912400	2914400	因为这个笑话我以前应该听过
2914400	2916400	这个画面感很够欸
2916400	2917400	但是因为他
2917400	2919400	一开始说他送了佛跳墙
2919400	2920400	后来他又帮那个
2920400	2922400	那个借你归去了
2922400	2924400	而且其实不一定要是山贼
2924400	2925400	而且他是大乌龟
2925400	2926400	对
2926400	2928400	主角其实也不需要是小红帽
2928400	2929400	没错
2929400	2931400	就这个画面有太多地方都有可能出问题
2931400	2935400	对 所以你的脑子你的那个画面感是很够的
2935400	2936400	他把那个梗藏得很深
2936400	2937400	那你不会一下就猜到
2937400	2938400	对
2938400	2940400	哇 那个超级完美笑话
2940400	2941400	还行 还行
2941400	2942400	近期听到最棒的欸
2942400	2943400	这个借你 借你
2943400	2945400	升级版的感觉
2946400	2949400	好 再来这一则是来自留言的留言
2949400	2951400	最近常常跟朋友推荐我们的pocket
2951400	2953400	那朋友都会问说
2953400	2954400	哦 是哦
2954400	2956400	那好卫他们的这个主题是什么
2956400	2958400	就是我们pocket的主轴是什么
2958400	2959400	对对对
2959400	2960400	他说我第一个想到的就是大便
2960400	2961400	然后跟便秘
2961400	2962400	没有没有没有
2962400	2964400	他说实在不知道要怎么介绍
2964400	2966400	可不可以请好卫三人组自己集思广益一下
2966400	2968400	到底要怎么跟别人介绍你们的pocket
2968400	2969400	给陌生听众
2969400	2970400	啊啊啊崩溃
2970400	2971400	我们的频道呢
2971400	2974400	是一个基于对日常生活中的
2974400	2975400	观察
2975400	2977400	所提出来的一些
2977400	2980400	对这个社会人文现象的一些反思
2980400	2981400	大概是这样的
2981400	2982400	哦
2982400	2983400	大概这么一说
2983400	2984400	你很棒
2984400	2985400	是不是
2985400	2986400	我就理解得很透彻
2986400	2988400	你是画画那个荧光笔的高手
2988400	2989400	对啊
2989400	2990400	像上一集
2990400	2992400	上一集本来我的这个标题
2992400	2993400	是打说
2993400	2995400	那个奇迹生日
2995400	2996400	然后跟一些什么
2996400	2997400	然后跟一点点大便
2997400	2999400	很多人问为什么后面删掉了
2999400	3000400	后面删掉
3000400	3002400	因为我后来想想
3002400	3005400	就是我还是不要把大便这件事情
3005400	3007400	好像很骄傲的要放在标题上
3009400	3010400	并没有想要
3010400	3011400	并没有想要
3011400	3012400	并没有想要
3012400	3013400	但是一直就是
3013400	3014400	会打那个标题
3014400	3015400	是不是在那种
3015400	3016400	我刚讲很累的时候
3016400	3017400	嗯
3017400	3018400	脑子一片混沌的时候
3018400	3019400	脑子一片混沌的时候
3019400	3021400	然后这个做人的底线开始有点松动的时候
3021400	3024400	不小心让那些农场标题窜进来
3024400	3025400	哦
3025400	3026400	稍微击碎了我的防线
3026400	3028400	因为我们是基于对日常生活的观察
3028400	3030400	日常生活就是一些吃喝拉撒
3030400	3032400	难免会有一些对排泄物的观察
3032400	3034400	吃喝拉撒25%就撒嘛
3034400	3035400	对嘛
3035400	3036400	如果我说我特别不讲话
3036400	3038400	那是不是我刻意在回避他什么
3038400	3039400	哦
3039400	3040400	对不对
3040400	3041400	对不对
3041400	3042400	嗯
3042400	3043400	是不是你都不用上厕所
3043400	3044400	对怎么可能
3044400	3045400	对啊
3045400	3046400	对嘛
3046400	3047400	那你是不是就对这个生活观察不够透彻
3047400	3048400	对嘛
3048400	3049400	对嘛
3049400	3050400	那你是不是就对这个生活观察不够透彻
3050400	3051400	没错
3051400	3052400	哦
3052400	3053400	嗯
3053400	3054400	总而言之就是这样
3054400	3055400	它就会包括在我们的社会观察体验的一部分
3055400	3056400	对对对对
3056400	3057400	啊就是
3057400	3058400	就是人是很立体的
3058400	3059400	我们每个人格都是很立体的
3059400	3060400	你这个
3060400	3061400	所以你从
3061400	3062400	这个留言你好有话讲
3062400	3063400	我想说
3063400	3064400	你从任何不同角度去看
3064400	3065400	就可以看到不同的面向
3065400	3066400	嘿
3066400	3067400	对
3067400	3068400	啊你看到什么就
3068400	3069400	心中有佛
3069400	3070400	哦
3070400	3071400	万物皆佛
3071400	3072400	万物皆佛
3072400	3073400	嘿是是是
3073400	3074400	好好
3074400	3075400	然后再来
3075400	3078400	这个阿群与阿莎的乱买日志流的言
3078400	3079400	好
3079400	3080400	她说有一次在逛Costco
3080400	3083400	就想说漱口水平常使用量真的蛮高的
3083400	3085400	就挑了一款他们自有品牌的漱口水
3085400	3087400	一开始觉得很开心
3087400	3089400	想说哇超大罐超满足
3089400	3090400	就倒了一口
3090400	3091400	就这一口呢
3091400	3094400	就让她从舌头开始整个麻到整个口腔
3094400	3096400	瞬间觉得有一颗炸弹在她嘴巴里
3096400	3097400	想说
3097400	3100400	怎么可能有人可以忍着把这整个三大罐
3100400	3101400	全部都漱完用完
3101400	3102400	因为她上网查
3102400	3104400	这个东西卖的很好
3104400	3105400	对啊
3105400	3106400	然后评价很好
3106400	3108400	然后她就仔细的再上网查了一次
3108400	3109400	嗯
3109400	3111400	她说结果网路上查了许多贴文都写着
3111400	3113400	这一牌超好用超推超推超推
3113400	3115400	用来洗马桶很棒
3115400	3116400	哦
3116400	3117400	啊
3117400	3118400	是不是也是紫色的
3118400	3119400	不是吧
3119400	3121400	那个Costco应该都是紫色的吧
3121400	3122400	啊他们自己也是紫色吗
3122400	3123400	Costco的品牌
3123400	3124400	他们自己那个自有品牌都是紫色的
3124400	3125400	哦是哦
3125400	3126400	对啊
3126400	3127400	因为紫色的东西都很凶啊
3127400	3128400	要小心啊
3128400	3129400	哈哈哈
3129400	3130400	对
3130400	3133400	这个标题是想要推荐给阿段时尚最猛的漱口水
3133400	3134400	呵
3134400	3138400	好这个Cmoikako这个留言
3138400	3140400	标题叫做阿段好帅啊
3140400	3141400	嗯
3142400	3144400	怎样你自己选的比他脾气好
3144400	3145400	他说啊啊啊啊
3145400	3148400	留言好多次都没有念到觉得很气馁气气气
3148400	3150400	所以他这次选了一个大招
3150400	3152400	就是要在标题的地方夸奖阿段就OK了
3152400	3153400	嗯
3153400	3154400	好
3154400	3156400	我为什么会折这个留言呢
3156400	3157400	为什么
3157400	3158400	我觉得这个人非常之衰
3158400	3159400	为什么
3159400	3160400	就他据他所说
3160400	3161400	很多次都没有被念到
3161400	3162400	对
3162400	3165400	然后他这次觉得他终于学到了这个key point
3165400	3167400	这个关键就是要称赞你
3167400	3168400	对
3168400	3169400	好巧不巧
3169400	3170400	这个留言是我接的
3170400	3171400	哦
3171400	3172400	我觉得他太可怜了
3172400	3174400	所以平常来说你会略过
3174400	3175400	对
3175400	3176400	我其实已经略过他了
3176400	3177400	悲悯之心
3177400	3178400	对
3178400	3181400	我当下这次看到以后就翻了一个白眼
3181400	3182400	然后我就滑过了几个之后
3182400	3183400	大概过了四五个人之后
3183400	3184400	我又
3184400	3185400	哎呀
3185400	3186400	真的好可怜啊
3186400	3188400	我就又滑回来
3188400	3189400	哦
3189400	3190400	加起来
3190400	3191400	然后他后面就说什么
3191400	3192400	好这不是重点
3192400	3194400	你好帅不是重点
3194400	3195400	是
3195400	3198400	他说他前几天去看了很烦的照片傻眼了好几秒
3198400	3199400	我本来以为他讲一些就是
3199400	3200400	哦看起来太凶了
3200400	3201400	什么什么之类的
3201400	3202400	就他说
3202400	3203400	好像米心玄师啊
3203400	3204400	哭
3206400	3207400	这整个留言就在称赞你们两个啊
3207400	3209400	到底关我屁事
3209400	3211400	米心玄师基本上他只露出半张脸
3211400	3212400	嗯
3212400	3214400	只要头发长一点就会像米心玄师
3214400	3215400	嗯
3215400	3218400	找一个高高瘦瘦的竹竿状的人
3218400	3219400	嗯
3219400	3220400	就还该入头
3220400	3221400	对
3221400	3222400	而且米心玄师并不以帅著称
3222400	3223400	是
3223400	3224400	那是以有才华著称
3224400	3225400	拖把
3225400	3227400	你把拖把反过来放
3227400	3228400	就会像米心玄师
3231400	3234400	好不容易有人就是留言称赞他
3234400	3235400	你怎么这样
3235400	3236400	拖把好精准哦
3236400	3237400	你把拖把在那边甩
3237400	3238400	就像米心玄师那个MV
3238400	3239400	嗯嗯
3239400	3240400	好没事
3240400	3241400	不好意思
3241400	3243400	你小心他很多粉丝
3243400	3244400	好啦
3244400	3245400	可怜的这个
3245400	3246400	一秒卡口
3246400	3248400	我截到你的留言了
3248400	3249400	好
3249400	3250400	就达成了
3250400	3251400	缘分
3251400	3252400	缘分
3252400	3253400	缘分
3253400	3254400	如果今天不是我在看自己的留言
3254400	3255400	嗯
3255400	3256400	是你自己
3256400	3257400	嗯
3257400	3258400	你有可能不会截吗
3258400	3259400	有可能啊
3259400	3260400	对不对
3260400	3261400	你会觉得太多称赞你的留言
3261400	3262400	这只是其中一个过客
3262400	3263400	想被念到
3263400	3264400	所以一直称赞我的留言也很多
3264400	3265400	哈哈哈
3265400	3266400	对
3266400	3267400	我已经开始有点麻痹了
3267400	3268400	好
3268400	3269400	哇
3269400	3270400	好帅哦
3270400	3271400	那种大米心才会有这种困扰
3271400	3272400	对啊好帅哦
3272400	3273400	哈哈
3273400	3274400	诶
3274400	3275400	然后再来是那个YT那边的留言了
3275400	3276400	好
3276400	3277400	已经到了翠翠平常的精选的部分了
3277400	3278400	嗯
3278400	3279400	大便的方式
3279400	3280400	蛤
3281400	3282400	这也是你截的
3282400	3283400	太直白了吧
3283400	3284400	诶
3284400	3285400	你是不是大便担当
3285400	3286400	对啊
3286400	3287400	最近这几周是你自己提的
3287400	3290400	我有想要就是避免这件事情
3290400	3292400	但我觉得他这个方法很棒啊
3292400	3293400	哦
3293400	3294400	对啊
3294400	3295400	他叫做萨音
3295400	3296400	嗯
3296400	3297400	第一次来留言
3297400	3298400	第一次来留言就被我截到了
3298400	3299400	想要回应阿段哥
3299400	3301400	关于裸体厕所法这件事情
3301400	3302400	他有个类似的方法
3302400	3303400	嗯
3303400	3304400	他从小到大的肠胃就很差很差很差
3304400	3305400	哦
3305400	3306400	对对对
3306400	3307400	常常便秘
3307400	3308400	嗯
3308400	3309400	然后到这里的时候想说
3309400	3310400	嘖
3310400	3311400	这样算便秘吗
3311400	3312400	靠北
3312400	3313400	你是不是很严重了啦白痴啊
3313400	3314400	我很常啊
3314400	3315400	我就觉得还好
3315400	3316400	我很常就是
3316400	3317400	有印象中我在大便的时候
3317400	3318400	通常都是我生理期的时候
3318400	3319400	你就是便秘代表
3319400	3320400	你就是便秘到头痛的人
3320400	3321400	哦有道理
3321400	3322400	胃痛啦
3322400	3323400	然后他说有一次呢
3323400	3324400	他就想说
3324400	3325400	啊
3325400	3326400	洗澡的时候一边冲温水一边上
3326400	3327400	诶
3327400	3328400	结果惊为天人
3328400	3329400	他竟然超级顺畅的就上出来了
3329400	3331400	身体被温暖的温水包裹着
3331400	3333400	耳边还有水滴声落在地板的声音
3333400	3335400	缓解我紧张的情绪
3335400	3337400	这仿佛就是我这辈子出生的理由
3337400	3339400	而且上完厕所直接洗澡
3339400	3340400	一举两能根本是世界上
3340400	3342400	最强的上厕所方法
3342400	3344400	到现在我已经高饿了各位
3344400	3345400	每次洗澡都还是这样
3345400	3347400	诚挚的推荐给大家
3347400	3348400	等一下
3348400	3349400	边冲温水边上
3349400	3350400	他怎么边冲温水边上啊
3350400	3351400	我们家以前的浴室
3351400	3352400	嗯
3352400	3354400	连木桶就是在马桶旁边
3354400	3355400	是哦
3355400	3357400	我有一段时间也都是这样
3357400	3358400	高调
3358400	3359400	他说一般干湿分离
3359400	3360400	你要怎么边冲温水
3360400	3361400	对因为现在都是干湿分离
3361400	3362400	整个浴室都弄超湿这样
3362400	3363400	所以我很能理解
3363400	3365400	他说那个被温暖的雨水
3365400	3367400	包裹着大饼的那个感受
3367400	3368400	整个浴室都会弄超湿的
3368400	3369400	但是就浴室很小
3369400	3370400	本来就会湿啊
3370400	3371400	我第一个进厕所我很气
3371400	3372400	为什么
3372400	3374400	就是平常本来就很湿啊
3374400	3375400	我进去的时候都说
3375400	3376400	你刚刚在浴室里面玩水
3377400	3379400	我小时候的家就是这样啊
3379400	3380400	而且卫生只能放在那个
3380400	3381400	马桶附近
3381400	3382400	会不会干起来啊
3382400	3383400	卫生整包都会变得湿湿的
3383400	3384400	没有
3384400	3385400	我小时候我们家浴室就这么小
3385400	3386400	就是不管你怎么洗
3386400	3387400	马桶都会湿掉
3387400	3388400	哦
3388400	3389400	这样子哦
3389400	3390400	对
3390400	3391400	所以我之后就会
3391400	3392400	把衣服都脱光以后
3392400	3393400	就坐在马桶上
3393400	3394400	把临摹桶开热之后就
3394400	3395400	对
3395400	3396400	所以我非常的理解
3396400	3397400	所以你可以坐着洗澡
3397400	3398400	为什么不行
3398400	3399400	哦
3399400	3400400	坐着洗澡还蛮爽的
3400400	3401400	对啊
3401400	3402400	很舒服
3402400	3403400	而且它的高度
3403400	3404400	就不会让你觉得有蹲着
3404400	3405400	或是憋屈的感觉
3405400	3406400	哦
3406400	3407400	与此同时你的体内外
3407400	3408400	都在就是
3408400	3409400	进空的感觉
3409400	3410400	好了可以了
3410400	3411400	可以了
3411400	3412400	我们慢慢试着降低这个比例
3412400	3413400	好
3413400	3414400	观察人太多了
3414400	3415400	今天不是有一则吗
3415400	3416400	这不是观察
3416400	3417400	好 再来这个是
3417400	3419400	王绍环的留言
3419400	3420400	他说他有一个
3420400	3422400	关于时通的裂缝的个案
3422400	3423400	可以分享
3423400	3424400	就是我们上礼拜讲
3424400	3425400	那个停车场的窗台嘛
3425400	3426400	我还以为不是
3426400	3427400	我们这个礼拜讲的
3427400	3428400	是
3428400	3429400	过年变时空的裂缝
3429400	3430400	不是不是
3430400	3431400	不是来自未来的留言
3431400	3432400	不是吧
3432400	3433400	不是啊
3433400	3434400	他就说
3434400	3435400	疫情期间呢
3435400	3437400	他都在社区的庭院里面走路
3437400	3438400	那有一次抬头的时候
3438400	3439400	无意间就看到
3439400	3440400	大楼间的那种空景
3440400	3442400	不是有时候会架网子吗
3442400	3443400	哦
3443400	3444400	他在最底下
3444400	3445400	那一层的那个网子
3445400	3446400	看到了除了一些
3446400	3448400	不慎掉落的一些杂物之外
3448400	3449400	竟然有一包
3449400	3450400	玩具
3450400	3451400	完完整整的
3451400	3452400	吐司
3452400	3454400	冰冷冷的躺在那里
3454400	3456400	一整条吐司
3456400	3457400	吐司
3457400	3458400	对
3458400	3459400	吐司为什么会掉在那里
3459400	3460400	不知道
3460400	3461400	然后他不知道
3461400	3462400	已经过了多久
3462400	3463400	他说
3463400	3464400	从他疫情期间看到嘛
3464400	3465400	到现在已经过年了
3465400	3466400	他还在那里
3466400	3467400	吐司
3467400	3468400	对
3468400	3469400	他只是想想
3469400	3470400	那个东西离
3470400	3471400	那个平常走路的人
3471400	3472400	大概有8公尺这么高
3472400	3473400	哦
3473400	3474400	在那里真的是
3474400	3475400	除非是社区
3475400	3476400	真的有些人想去处理
3476400	3477400	不然也会放到
3477400	3478400	世界的尽头吧
3478400	3479400	哦
3479400	3480400	吐司
3480400	3481400	不会自然的消失吗
3481400	3482400	它被包在塑胶袋里
3482400	3483400	它只会整颗
3483400	3484400	从白的变绿的
3484400	3486400	它会变成一袋灰
3486400	3487400	对
3487400	3488400	我比较好奇
3488400	3489400	吐司怎么跑到那里去
3489400	3490400	它怎么掉出窗外
3490400	3491400	整条吐司
3491400	3492400	很难掉出窗外
3492400	3494400	都能够一片两片就算
3494400	3495400	对
3495400	3497400	就和夫妻吵架
3497400	3498400	然后他觉得
3498400	3499400	然后就想说
3499400	3500400	炸盘子什么的
3500400	3501400	会破掉
3501400	3502400	哦
3502400	3503400	所以拿一些软的东西来炸
3503400	3504400	哦
3504400	3505400	一些吐司跟枕头之类的
3505400	3506400	老公早上急急
3506400	3507400	没办法出门
3507400	3508400	来不及吃早饭
3508400	3509400	嗯
3509400	3510400	然后老婆说
3510400	3511400	我昨天那么辛苦
3512400	3513400	把吐司丢了
3513400	3514400	哦
3514400	3515400	或是老公早上来不及出门
3515400	3516400	嗯
3516400	3517400	他已经到楼下了
3517400	3518400	突然想到说
3518400	3519400	啊还没吃早餐
3519400	3520400	老婆在上面说
3520400	3521400	啊我把吐司丢下去给你
3522400	3524400	然后他中间被拦住了
3524400	3525400	失败了
3525400	3526400	哦
3526400	3527400	失败了
3527400	3528400	这也不会出来承认
3528400	3529400	OK
3529400	3530400	再来这个是阿如如的留言
3530400	3531400	手举高高
3531400	3532400	拜托选我选我
3532400	3533400	我是因为老公很爱你们
3533400	3534400	才入坑的
3534400	3535400	事情是这样的
3535400	3536400	想要麻烦三位了
3536400	3537400	今年一月初的时候
3537400	3539400	我因为子宫避所不全
3539400	3540400	安胎安不住
3540400	3542400	只能让21周多的宝宝隐产了
3542400	3544400	谢谢有你们的声音陪伴
3544400	3545400	让我不会一直陷在情绪里
3545400	3547400	可以请三位跟我老公说声加油吗
3547400	3548400	拜托
3548400	3549400	毕竟男儿有泪不轻痰
3549400	3550400	他心里一定也很难过
3550400	3553400	但却比我需要更坚强面对这一切
3553400	3554400	如果有被选到的话
3554400	3555400	先谢谢三位的吴斯拉
3555400	3556400	哦
3556400	3558400	我觉得这个真的很需要安慰
3558400	3559400	嗯
3559400	3560400	对
3560400	3561400	这个我们之前其实有讲过
3561400	3563400	关于宝宝暂时离开这件事情
3563400	3564400	嗯
3564400	3565400	对
3565400	3566400	你要跟你老公说
3566400	3567400	他只是有东西忘记拿了
3567400	3568400	对对对
3568400	3569400	对对对
3569400	3570400	所以说加油
3570400	3571400	加油
3571400	3572400	等下一个缘分来哦
3572400	3573400	好
3573400	3574400	再来这个是Yoko Lin的留言
3574400	3576400	她说这次的翠翠恒河是曼哈顿奇缘的
3576400	3578400	That's how you know
3578400	3579400	哦
3579400	3580400	上个礼拜我真的是
3580400	3582400	你们都被我套路到了对不对
3582400	3583400	没有错
3583400	3584400	嗯
3584400	3585400	因为我原本那个啊啊啊啊啊啊啊
3585400	3586400	是曼哈顿奇缘的工作歌
3586400	3588400	就是walking song
3588400	3590400	就是会有一堆鸽子蟑螂跟老鼠出来
3590400	3591400	他们家帮他打扫
3591400	3592400	哦
3592400	3593400	对
3593400	3594400	我里面最喜欢的一个段落呢
3594400	3597400	就是三只蟑螂站在一起左右摇晃说啊啊啊啊啊
3597400	3598400	帮他合音的时候
3598400	3599400	哦
3599400	3600400	然后一家人走出来看
3600400	3601400	然后因为被pog了嘛
3601400	3602400	嗯
3602400	3605400	我就想说我要怎么样就是既有趣又出其不意
3605400	3606400	哦
3606400	3607400	所以你选了一首
3607400	3608400	同一部电影的歌
3608400	3609400	哦
3609400	3610400	对
3610400	3611400	但是不同首歌了
3611400	3612400	对不同首歌
3612400	3613400	然后是女主角在公园的时候唱的歌
3613400	3614400	哦
3614400	3615400	嘿我觉得这首歌
3615400	3617400	那个环节也蛮温馨可爱的
3617400	3619400	叫做That's how you know
3619400	3620400	然后我要讲一下
3620400	3622400	一堆人在那给我猜说什么
3622400	3624400	那个啊啊啊是忐忑
3624400	3625400	忐忑
3625400	3626400	一点都不像
3626400	3627400	哈哈哈
3627400	3628400	到底在唱
3628400	3629400	忐忑你知道怎么唱吗
3629400	3658400	忐忑
3658400	3660000	忐忑 忐忑 忐忑
3660000	3661360	所以你要讲的是煎熬吧
3661360	3661920	哇
3661920	3665160	我们是认识了十二三年好吧
3665160	3666620	是吧 你要讲的是煎熬吧
3666620	3667500	对 我想是煎熬
3667500	3668880	你讲的是那个什么
3668880	3670440	欸 煎熬怎么唱啊
3670440	3671700	我也不知道煎熬怎么唱
3671700	3672960	心一跳
3672960	3673980	对对对
3673980	3675100	不是那个 不是那个
3675100	3676680	所以他们一堆人
3676680	3678880	给我那边猜公灵娜的忐忑欸
3678880	3680280	到哪里像啦
3680280	3681180	真是气死我了
3681180	3681900	不是啦
3681900	3683820	是曼哈顿学院的walking song啦
3683820	3686220	然后上个礼拜我哼的是
3686220	3687800	应该是一开始就是
3687800	3689900	噔噔噔噔噔噔噔噔噔
3689900	3690480	对对对
3690480	3700000	他就是讲一个
3700000	3701780	就是迪士尼的卡通公主
3701780	3703680	来到现实世界的一个故事
3703680	3705580	然后因为她是卡通公主嘛
3705580	3706980	所以她突然就开始唱歌
3706980	3709040	然后真实世界的路人
3709040	3710940	就会突然配合她一起开始群唱
3717800	3720020	很棒
3720020	3720700	好
3720700	3721840	这段也很可爱
3721840	3723440	然后男主角就会在旁边吐槽说
3723440	3724000	为什么到底
3724000	3726100	为什么会有人突然会唱这首歌这样
3726100	3728200	对 为什么我对这首歌这么有印象
3728200	3728960	因为说我对
3728960	3731140	刚刚她那个walking song这么有印象
3731140	3733720	因为陈春她只要选不到片
3733720	3735160	我就会去烧剧
3735160	3736460	她就会去看曼哈顿起源
3736460	3739100	我很喜欢这部片欸
3739100	3740760	就跟她看曼哈顿起源的次数
3740760	3742560	跟摄影师看这个
3742560	3744000	档子大飞的次数一样多
3744000	3745000	很好看欸
3745000	3745740	很好看欸
3745740	3746380	要不是
3746380	3747760	她是英文
3747760	3748200	电影
3748200	3751060	我就把里面的词都记下来
3751060	3754420	这部真的很好看
3754420	3755640	虽然她不是就是
3755640	3756540	迪士尼公主里面
3756540	3757620	其中一个公主的系列
3757620	3758940	但是我觉得她的一些就是
3758940	3760540	小小的小讽刺
3760540	3761600	我觉得都很有趣
3761600	3761900	好
3761900	3763480	好啦
3763480	3764880	其实我要截这个留言
3764880	3766360	就是不是只是讲那个
3766360	3767520	上个礼拜的崔崔狠狠
3767520	3768460	是她后面还有一段
3768460	3768840	好
3768840	3772220	我觉得她应该是要跟我分享一则笑话
3772220	3773520	然后我有中
3773520	3775840	我就想问你们会不会中
3775840	3777580	我今天讲另外的
3777580	3779100	接你接你也超好笑的啊
3779100	3780260	给我点信心
3780260	3780480	好
3780480	3780880	她说
3780880	3782400	她第一次留言
3782400	3783420	想跟翠翠分享一个
3783420	3784920	在一个其他地方看
3784920	3786800	说错话投稿的其中一篇
3786800	3788860	因为她自己笑到没丁没当
3788860	3790360	所以她就马上想到了我们
3790360	3791760	她觉得后劲很强
3791760	3793600	她说有一次生物小考
3793600	3795020	老师用念的出题目
3795020	3796700	就说遗传学之夫是谁
3796700	3799120	就那个人听成
3799120	3800260	余祥泉之夫是谁
3800260	3801900	所以她觉得是这种问题
3801900	3803660	就写了余天
3803660	3805060	哈哈哈哈
3805060	3806060	哈哈哈哈
3806060	3806860	哈哈哈哈
3806860	3807460	哈哈哈哈
3807460	3807560	哈哈哈哈
3807580	3808680	余祥泉之夫
3808680	3809800	哈哈哈哈哈哈
3809800	3811100	是什么
3811100	3811960	到
3811960	3814980	到听成余祥泉之夫的时候
3814980	3815800	都很愚蠢
3815800	3817180	都没有好笑的成分
3817180	3818820	但她以为她是宋焚铁的好笑
3818820	3820660	哈哈哈哈
3820660	3822260	她还在
3822260	3824780	后劲很强欸
3824780	3826780	余天超好笑的
3826780	3829220	哈哈哈哈哈哈
3829220	3832460	其实不一定所有人都知道余祥泉之夫是谁
3832460	3833460	所以
3833460	3835420	大家觉得是宋焚铁
3835420	3836660	所以很好笑
3836660	3837460	没错
3837460	3838780	因为尤其是日片 bias
3838780	3840080	哈哈哈哈哈哈哈哈哈哈哈哈哈哈
3840080	3840740	哈
3840740	3841460	哈哈
3841460	3842100	喵叨
3842100	3842380	笑
3842380	3843060	哈哈哈哈哈哈哈哈
3843060	3844120	哈哈哈
3844520	3846160	我在剪留言的时候
3846160	3848340	已经笑到眼泪出来过一次
3848360	3849040	哈
3849120	3849240	哈
3849360	3850680	category就是这样
3850700	3852300	她就是这样剪留言
3852800	3854520	所以急头流言剪半天
3854540	3855660	哈哈哈
3855660	3856140	哦
3856340	3857100	她会停不下来
3857100	3857760	他去ля
3858460	3860120	她解流言 нашей会做什么事情
3860120	3860600	你知道吗
3860600	3861060	嗯
3861060	3861980	vertical Lithtern
3861980	3862480	这个 journeys
3862480	3863180	把它进定业务方的
3863180	3864280	以后u
3864280	3864620	嗯
3864620	3865740	然后丢给他发片
3865900	3867220	然后再去吃火锅
3867220	3867440	嗯
3867460	3868600	說完回來他還沒結完
3868600	3870900	我很認真看他的留言
3870900	3872560	然後沉浸在他的留言裡
3872560	3875820	好啦以上就是
3875820	3877560	我們今天念的所有的留言
3877560	3879240	然後我要來出
3879240	3881280	這個禮拜的脆脆橫橫
3881280	3883180	這個禮拜的脆脆橫橫
3883180	3884140	不知道是為什麼
3884140	3885440	他今天一直在我腦子裡
3885440	3886680	但我就是想不起來
3886680	3888020	他的歌名叫什麼
3888020	3888840	再一個理由
3888840	3890180	大概也出現了
3890180	3891060	大概二三十次了吧
3891060	3891720	因為我腦子裡
3891720	3893040	always就是有歌詞跟唱器
3893040	3894660	所以一想我是水瓶座的嘛
3894660	3896400	是因為這樣子嗎
3896400	3896640	對
3896640	3897940	所以水瓶座有關係嗎
3897940	3899700	所以你們都跟不上我
3899700	3901180	抱歉
3901180	3903600	好啦
3903600	3905720	這首我覺得
3905720	3907660	大家可能會覺得說
3907660	3909220	哇塞也太簡單的歌了吧
3909220	3910700	但是我就真的想不起來
3910700	3912060	他到底叫什麼名字
3912060	3913540	然後我又不想要去google
3913540	3914620	我就覺得自己這樣很遜
3914620	3915440	你唱唱看說不定我知道
3915440	3916960	如果你猜錯了
3916960	3919600	如果你這次真的想到
3919600	3920480	麻煩你閉嘴
3920480	3921620	來囉
3921620	3926020	我跟你講
3926020	3926620	你會唱
3926620	3927920	但你想不起來他歌名
3927920	3931160	是不是
3931160	3934360	是不是
3934360	3936420	好啊
3936420	3937060	今天就到這裡了
3937060	3937360	拜拜
3937360	3938840	他的歌詞沒有在
3938840	3941220	他的名字沒有在歌詞裡嗎
3941220	3941560	沒有
3941560	3948120	我覺得如果有唱到那個名詞
3948120	3948920	是歌名
3948920	3950140	我應該會想出來
3950140	3951520	但是就沒有啊
3951520	3952740	是不是想不出來
3952740	3953980	確實是
3953980	3954220	對不對
3954220	3955120	我不知道
3955120	3956080	我怕我一唱出來之後
3956080	3956480	又唱對了
3956480	3959520	然後又要換他
3959520	3961020	這個禮拜就是這個
3961020	3962060	而且我這次出的題目
3962060	3962620	我想過
3962620	3963540	就是你在開車的時候
3963540	3965540	要返家跟家人在一起
3965540	3967100	大家都會聽過的歌
3967100	3968720	爸爸媽媽也會聽過
3968720	3969780	然後你們就可以一起
3969780	3973020	就是開始你們的老歌回顧之旅
3973020	3974320	很棒
3974320	3975720	祝大家新年快樂
3975720	3976820	好下個新年快樂
3976820	3977640	新年快樂
3977640	3979020	拜拜
